,Rank,Game,Month,Year,Hours_watched,Hours_Streamed,Peak_viewers,Peak_channels,Streamers,Avg_viewers,Avg_channels,Avg_viewer_ratio,appid,name,release_date,english,developer,publisher,platforms,required_age,achievements,positive_ratings,negative_ratings,average_playtime,median_playtime,owners,price
1,106,donkey kong country 2 diddys kong quest,1,2016,316101,993 hours,181740,28,218,425,1,318.33,,,,,,,,,,,,,,,
2,107,kirby 64 the crystal shards,1,2016,315368,209 hours,158893,16,58,424,0,1508.94,,,,,,,,,,,,,,,
3,113,halo 4,1,2016,302218,569 hours,135671,13,71,406,0,531.14,,,,,,,,,,,,,,,
4,114,kirby squeak squad,1,2016,299628,60 hours,156564,16,28,403,0,4993.8,,,,,,,,,,,,,,,
5,123,rayman legends,1,2016,282655,1101 hours,166452,26,666,380,1,256.73,,,,,,,,,,,,,,,
6,125,resident evil revelations 2,1,2016,279827,4202 hours,11689,17,2793,376,5,66.59,,,,,,,,,,,,,,,
7,126,the legend of zelda ocarina of time master quest,1,2016,278518,205 hours,159514,10,43,374,0,1358.62,,,,,,,,,,,,,,,
8,130,transformers devastation,1,2016,268643,896 hours,126800,12,322,361,1,299.82,,,,,,,,,,,,,,,
9,142,age of empires,1,2016,248884,232 hours,107455,18,40,334,0,1072.78,,,,,,,,,,,,,,,
10,145,stepmania,1,2016,244450,2170 hours,210108,30,638,329,2,112.65,,,,,,,,,,,,,,,
11,147,darksiders 2,1,2016,242099,752 hours,120528,11,502,325,1,321.94,,,,,,,,,,,,,,,
12,150,fire emblem path of radiance,1,2016,235555,516 hours,122456,10,65,317,0,456.5,,,,,,,,,,,,,,,
14,152,the legend of zelda oracle of ages,1,2016,234228,182 hours,94932,8,37,315,0,1286.97,,,,,,,,,,,,,,,
18,162,tony hawks pro skater,1,2016,211450,159 hours,111383,10,37,284,0,1329.87,,,,,,,,,,,,,,,
19,165,mega man 2,1,2016,208756,1841 hours,150406,121,319,280,2,113.39,,,,,,,,,,,,,,,
21,168,super monkey ball banana blitz,1,2016,200365,27 hours,146882,14,26,269,0,7420.93,,,,,,,,,,,,,,,
22,169,tmnt,1,2016,198228,135 hours,132708,17,61,266,0,1468.36,,,,,,,,,,,,,,,
23,170,mike tysons punchout,1,2016,197881,307 hours,168929,30,105,266,0,644.56,,,,,,,,,,,,,,,
25,172,mega man 10,1,2016,197038,141 hours,158783,29,55,265,0,1397.43,,,,,,,,,,,,,,,
27,178,sonic advance,1,2016,185057,85 hours,110213,19,44,249,0,2177.14,,,,,,,,,,,,,,,
28,180,ninja gaiden iii the ancient ship of doom,1,2016,183550,122 hours,133273,16,36,247,0,1504.51,,,,,,,,,,,,,,,
29,184,iji,1,2016,179556,30 hours,91449,16,22,241,0,5985.2,,,,,,,,,,,,,,,
30,185,blast corps,1,2016,178810,42 hours,96318,18,25,240,0,4257.38,,,,,,,,,,,,,,,
32,193,mario kart 64,1,2016,173981,605 hours,186466,21,220,234,0,287.57,,,,,,,,,,,,,,,
33,196,brain age train your brain in minutes a day,1,2016,173011,19 hours,207721,14,21,232,0,9105.84,,,,,,,,,,,,,,,
36,65,unravel,2,2016,540842,16720 hours,33485,202,5283,778,24,32.35,,,,,,,,,,,,,,,
40,130,digimon story cyber sleuth,2,2016,181711,9164 hours,7516,53,4416,261,13,19.83,,,,,,,,,,,,,,,
41,142,final fantasy12,2,2016,165497,1942 hours,1754,10,142,238,2,85.22,,,,,,,,,,,,,,,
46,161,the walking dead michonne,2,2016,138454,2551 hours,13955,118,1526,199,3,54.27,,,,,,,,,,,,,,,
47,165,mechwarrior online,2,2016,130316,8681 hours,29599,36,781,187,12,15.01,,,,,,,,,,,,,,,
55,89,bloodborne the old hunters,3,2016,331188,1531 hours,28286,12,624,445,2,216.32,,,,,,,,,,,,,,,
57,125,need for speed,3,2016,195144,12835 hours,28602,114,7280,262,17,15.2,,,,,,,,,,,,,,,
60,162,plants vs zombies garden warfare 2,3,2016,145582,9430 hours,2642,47,3679,195,12,15.44,,,,,,,,,,,,,,,
61,165,metal gearid 4 guns of the patriots,3,2016,138873,325 hours,2418,4,24,186,0,427.3,,,,,,,,,,,,,,,
62,176,mlb 15 the show,3,2016,116479,1497 hours,10762,14,1130,156,2,77.81,,,,,,,,,,,,,,,
66,197,metal gearid peace walker,3,2016,96201,312 hours,1490,5,25,129,0,308.34,,,,,,,,,,,,,,,
68,200,ultra street fighter 4,3,2016,93937,969 hours,23183,8,409,126,1,96.94,,,,,,,,,,,,,,,
70,53,ratchet clank,4,2016,780678,10301 hours,28323,117,8850,1085,14,75.79,,,,,,,,,,,,,,,
71,94,slither,4,2016,309057,9262 hours,31516,54,3276,429,12,33.37,,,,,,,,,,,,,,,
74,113,mario party 10,4,2016,221591,154 hours,19830,6,53,308,0,1438.9,,,,,,,,,,,,,,,
76,129,ark survival of the fittest,4,2016,180911,10980 hours,4345,34,1222,251,15,16.48,,,,,,,,,,,,,,,
77,130,breaking point,4,2016,176391,1251 hours,17018,11,159,245,1,141.0,,,,,,,,,,,,,,,
80,137,infestation survivor stories,4,2016,163095,13742 hours,1024,66,1099,226,19,11.87,,,,,,,,,,,,,,,
83,170,borderlands the handsome collection,4,2016,128713,9984 hours,6191,52,2145,179,13,12.89,,,,,,,,,,,,,,,
84,171,star fox zero,4,2016,128524,3184 hours,5125,99,826,178,4,40.37,,,,,,,,,,,,,,,
85,174,supernova,4,2016,124653,1503 hours,18709,9,175,173,2,82.94,,,,,,,,,,,,,,,
86,175,game wario,4,2016,123435,43 hours,23152,4,17,171,0,2870.58,,,,,,,,,,,,,,,
91,188,fire emblem fates,4,2016,111996,1238 hours,3292,10,95,155,1,90.47,,,,,,,,,,,,,,,
94,115,uncharted the nathan drake collection,5,2016,206285,6771 hours,4719,39,5539,277,9,30.47,,,,,,,,,,,,,,,
95,120,slitherio,5,2016,186314,13629 hours,6792,59,6161,250,18,13.67,,,,,,,,,,,,,,,
96,129,just survive,5,2016,164737,8777 hours,4400,33,1305,221,11,18.77,,,,,,,,,,,,,,,
98,157,secret hitler,5,2016,127220,176 hours,33336,5,56,171,0,722.84,,,,,,,,,,,,,,,
99,158,pro evolution soccer 2016,5,2016,126612,7592 hours,8362,34,1694,170,10,16.68,,,,,,,,,,,,,,,
100,171,agario,5,2016,119004,10515 hours,2594,52,2760,160,14,11.32,,,,,,,,,,,,,,,
102,176,uncharted 2 among thieves,5,2016,112048,931 hours,6533,7,158,150,1,120.35,,,,,,,,,,,,,,,
103,183,call of duty modern warfare 3,5,2016,104351,4045 hours,8633,22,1168,140,5,25.8,,,,,,,,,,,,,,,
104,187,nhl 16,5,2016,100833,23374 hours,691,130,5280,135,31,4.31,,,,,,,,,,,,,,,
105,188,battlefield hardline,5,2016,100782,25979 hours,47090,88,7617,135,34,3.88,,,,,,,,,,,,,,,
106,195,cards against humanity,5,2016,95184,2407 hours,11636,21,1125,128,3,39.54,,,,,,,,,,,,,,,
108,6,e3 2016,6,2016,13564832,16151 hours,891816,980,2537,18866,22,839.88,,,,,,,,,,,,,,,
109,65,mirrors edge catalyst,6,2016,424524,9230 hours,25620,105,4442,590,12,45.99,,,,,,,,,,,,,,,
112,111,forza motorsport 6,6,2016,210515,12235 hours,10182,41,3328,292,17,17.21,,,,,,,,,,,,,,,
114,134,star ocean integrity and faithlessness,6,2016,160755,6738 hours,11596,236,1403,223,9,23.86,,,,,,,,,,,,,,,
118,161,splatoon,6,2016,127025,12691 hours,1882,61,1265,176,17,10.01,,,,,,,,,,,,,,,
121,171,chronicle runescape legends,6,2016,114067,2857 hours,11522,13,466,158,3,39.93,,,,,,,,,,,,,,,
126,198,savage resurrection,6,2016,93754,331 hours,15781,4,83,130,0,283.24,,,,,,,,,,,,,,,
130,65,nba 2k15,7,2016,539665,14301 hours,6203,41,3439,726,19,37.74,,,,,,,,,,,,,,,
132,82,necropolis,7,2016,419583,5519 hours,55052,199,1335,564,7,76.03,,,,,,,,,,,,,,,
133,88,dnc 2016,7,2016,362702,355 hours,47549,24,59,488,0,1021.7,,,,,,,,,,,,,,,
137,124,the legend of zelda links awakening dx,7,2016,271063,671 hours,151642,13,110,364,0,403.97,,,,,,,,,,,,,,,
138,130,rnc 2016,7,2016,264303,28 hours,29021,1,2,355,0,9439.39,,,,,,,,,,,,,,,
139,132,pikmin,7,2016,261626,306 hours,104767,8,70,352,0,854.99,,,,,,,,,,,,,,,
140,138,sonic the hedgehog,7,2016,249214,960 hours,134611,18,375,335,1,259.6,,,,,,,,,,,,,,,
141,139,quackshot starring donald duck,7,2016,248237,52 hours,127046,7,16,334,0,4773.79,,,,,,,,,,,,,,,
142,145,kirby nightmare in dream land,7,2016,235038,170 hours,97477,6,36,316,0,1382.58,,,,,,,,,,,,,,,
143,146,mega man zero 2,7,2016,233488,41 hours,118307,9,15,314,0,5694.83,,,,,,,,,,,,,,,
144,151,mega man zx advent,7,2016,217249,87 hours,109596,7,20,292,0,2497.11,,,,,,,,,,,,,,,
145,154,castlevania symphony of the night,7,2016,213140,1010 hours,155016,15,203,286,1,211.03,,,,,,,,,,,,,,,
146,155,pokku00e9n tournament,7,2016,212443,2069 hours,30116,9,311,285,2,102.68,,,,,,,,,,,,,,,
147,160,illusion of gaia,7,2016,201674,197 hours,93073,8,41,271,0,1023.73,,,,,,,,,,,,,,,
148,161,pepsiman,7,2016,199938,75 hours,136904,5,25,269,0,2665.84,,,,,,,,,,,,,,,
150,173,zelda ii the adventure of link,7,2016,181560,747 hours,94715,12,100,244,1,243.05,,,,,,,,,,,,,,,
151,178,castlevania,7,2016,174502,650 hours,97143,9,143,234,0,268.46,,,,,,,,,,,,,,,
153,182,new super mario bros,7,2016,170686,73 hours,117935,7,30,229,0,2338.16,,,,,,,,,,,,,,,
154,183,jak and daxter the precursor legacy,7,2016,170642,681 hours,93955,8,83,229,0,250.58,,,,,,,,,,,,,,,
156,190,ghostbusters,7,2016,165845,670 hours,75182,11,228,223,0,247.53,,,,,,,,,,,,,,,
158,192,super mario 64 ds,7,2016,165608,150 hours,115289,10,24,222,0,1104.05,,,,,,,,,,,,,,,
161,200,sonic adventure 2 battle,7,2016,158951,1083 hours,127056,11,245,213,1,146.77,,,,,,,,,,,,,,,
164,105,london 2012 the official video game,8,2016,283902,325 hours,13323,7,90,382,0,873.54,,,,,,,,,,,,,,,
165,112,poku00e9mon yellow,8,2016,266522,2639 hours,8546,18,378,358,3,100.99,,,,,,,,,,,,,,,
170,152,madden nfl 16,8,2016,158610,50645 hours,3543,265,11549,213,68,3.13,,,,,,,,,,,,,,,
171,163,tree of savior,8,2016,145088,12695 hours,2453,49,1174,195,17,11.43,,,,,,,,,,,,,,,
172,170,mafia live,8,2016,137535,472 hours,13355,5,36,185,0,291.39,,,,,,,,,,,,,,,
173,173,final fantasy tactics the war of the lions,8,2016,135959,256 hours,5171,3,28,182,0,531.09,,,,,,,,,,,,,,,
174,174,nioh_,8,2016,132466,3703 hours,2832,47,824,178,4,35.77,,,,,,,,,,,,,,,
175,175,mlb the show 16,8,2016,129621,5771 hours,3611,25,3244,174,7,22.46,,,,,,,,,,,,,,,
176,179,google go,8,2016,126492,154 hours,29430,15,76,170,0,821.38,,,,,,,,,,,,,,,
177,188,shattered skies,8,2016,120264,7895 hours,1536,34,687,161,10,15.23,,,,,,,,,,,,,,,
179,44,fifa 16,9,2016,832270,67256 hours,23984,293,20247,1157,93,12.37,,,,,,,,,,,,,,,
180,51,bioshock the collection,9,2016,629706,16487 hours,14143,133,4659,875,22,38.19,,,,,,,,,,,,,,,
184,115,smash grab,9,2016,198627,1722 hours,31640,32,508,276,2,115.35,,,,,,,,,,,,,,,
187,131,pro evolution soccer 2017,9,2016,161557,10351 hours,13572,78,1888,224,14,15.61,,,,,,,,,,,,,,,
188,138,ea sports ufc 2,9,2016,154797,12698 hours,16717,45,3241,215,17,12.19,,,,,,,,,,,,,,,
194,169,gears of war,9,2016,116416,15868 hours,1193,58,3278,161,22,7.34,,,,,,,,,,,,,,,
196,187,monster hunter generations,9,2016,105569,4729 hours,846,24,291,146,6,22.32,,,,,,,,,,,,,,,
197,191,evolve,9,2016,99010,10052 hours,1684,35,2088,137,13,9.85,,,,,,,,,,,,,,,
200,196,phoenix wright ace attorney u2212 spirit of justice,9,2016,96620,842 hours,2287,8,56,134,1,114.75,,,,,,,,,,,,,,,
203,51,twitchcon 2016,10,2016,829794,725 hours,125427,40,155,1116,0,1144.54,,,,,,,,,,,,,,,
206,100,dragon quest builders,10,2016,288913,18307 hours,14812,109,2414,388,24,15.78,,,,,,,,,,,,,,,
214,135,silent hill downpour,10,2016,213046,327 hours,11346,7,46,286,0,651.52,,,,,,,,,,,,,,,
218,148,dead space 3,10,2016,185704,2581 hours,9982,30,526,249,3,71.95,,,,,,,,,,,,,,,
219,150,paper mario color splash,10,2016,183224,6036 hours,2876,61,623,246,8,30.36,,,,,,,,,,,,,,,
222,161,silent hill,10,2016,170483,1298 hours,12977,11,269,229,1,131.34,,,,,,,,,,,,,,,
225,177,silent hill 3,10,2016,144668,1023 hours,14487,14,160,194,1,141.42,,,,,,,,,,,,,,,
226,181,lego the lord of the rings,10,2016,143126,197 hours,20249,5,41,192,0,726.53,,,,,,,,,,,,,,,
227,182,stone age,10,2016,139948,2599 hours,1168,13,77,188,3,53.85,,,,,,,,,,,,,,,
229,192,revelation,10,2016,132028,6990 hours,3285,176,855,177,9,18.89,,,,,,,,,,,,,,,
232,66,poku00e9mon omega rubyalpha sapphire,11,2016,638283,15254 hours,8896,71,1471,887,21,41.84,,,,,,,,,,,,,,,
235,93,casino games,11,2016,409814,6473 hours,3695,25,398,569,9,63.31,,,,,,,,,,,,,,,
242,166,i wanna be the guy,11,2016,129509,3608 hours,3691,18,224,180,5,35.89,,,,,,,,,,,,,,,
245,187,resident evil zero,11,2016,119522,1454 hours,6841,11,319,166,2,82.2,,,,,,,,,,,,,,,
247,190,animal crossing new leaf,11,2016,117314,1399 hours,13805,16,160,163,1,83.86,,,,,,,,,,,,,,,
249,198,destiny child,11,2016,109783,2089 hours,2457,11,142,152,2,52.55,,,,,,,,,,,,,,,
250,37,the last guardian,12,2016,1791220,15077 hours,55149,132,112,2410,20,118.8,,,,,,,,,,,,,,,
252,110,the game awards 2016,12,2016,367414,627 hours,154906,213,244,494,0,585.99,,,,,,,,,,,,,,,
258,147,the walking dead season two,12,2016,201775,5869 hours,18345,34,125,271,7,34.38,,,,,,,,,,,,,,,
260,160,star wars battlefront,12,2016,178369,32175 hours,6758,117,24,240,43,5.54,,,,,,,,,,,,,,,
261,166,karaoke,12,2016,165798,172 hours,16780,9,9,223,0,963.94,,,,,,,,,,,,,,,
262,169,fateextella the umbral star,12,2016,163414,1580 hours,6117,17,30,219,2,103.43,,,,,,,,,,,,,,,
264,175,rhythm tengoku the best plus,12,2016,155979,124 hours,12617,5,14,209,0,1257.9,,,,,,,,,,,,,,,
265,176,virtual reality,12,2016,155589,2189 hours,22043,15,88,209,2,71.08,,,,,,,,,,,,,,,
266,177,transport tycoon deluxe,12,2016,155576,683 hours,33740,7,21,209,0,227.78,,,,,,,,,,,,,,,
269,195,breakaway,12,2016,140684,2801 hours,7317,181,3,189,3,50.23,,,,,,,,,,,,,,,
271,81,final fantasy,1,2017,675710,1821 hours,164287,13,223,909,2,371.07,,,,,,,,,,,,,,,
273,104,metal gearid 2 sons of liberty,1,2017,486855,782 hours,177214,10,103,655,1,622.58,,,,,,,,,,,,,,,
275,110,the legend of zelda ocarina of time 3d,1,2017,443399,603 hours,209526,13,87,596,0,735.32,,,,,,,,,,,,,,,
276,112,star wars force arena,1,2017,434898,1413 hours,29759,12,237,585,1,307.78,,,,,,,,,,,,,,,
278,126,tetris with cardcaptor sakura eternal heart,1,2017,357195,41 hours,181376,10,20,480,0,8712.07,,,,,,,,,,,,,,,
279,130,halo 2,1,2017,349319,770 hours,189722,12,142,470,1,453.66,,,,,,,,,,,,,,,
281,134,kirbys dream land 3,1,2017,343155,80 hours,159503,15,42,461,0,4289.44,,,,,,,,,,,,,,,
284,149,devil may cry,1,2017,300716,222 hours,149625,7,57,404,0,1354.58,,,,,,,,,,,,,,,
285,150,sly cooper and the thievius raccoonus,1,2017,297707,448 hours,151385,13,77,400,0,664.52,,,,,,,,,,,,,,,
287,153,metroid prime 2 echoes,1,2017,297191,426 hours,152037,12,58,399,0,697.63,,,,,,,,,,,,,,,
288,155,silent hill 4 the room,1,2017,289431,295 hours,130761,8,53,389,0,981.12,,,,,,,,,,,,,,,
289,157,blaster master,1,2017,280728,74 hours,159616,11,27,377,0,3793.62,,,,,,,,,,,,,,,
290,161,fire emblem the blazing blade,1,2017,273290,743 hours,123437,16,149,367,1,367.82,,,,,,,,,,,,,,,
291,163,kirby super star,1,2017,269659,375 hours,157590,17,99,362,0,719.09,,,,,,,,,,,,,,,
293,169,sonic advance 2,1,2017,259550,65 hours,159885,11,24,349,0,3993.08,,,,,,,,,,,,,,,
294,172,shovel knight,1,2017,255376,2390 hours,191303,16,680,343,3,106.85,,,,,,,,,,,,,,,
295,174,mega man legends,1,2017,247070,193 hours,125626,11,39,332,0,1280.16,,,,,,,,,,,,,,,
296,175,the legend of korra,1,2017,246482,295 hours,155744,19,97,331,0,835.53,,,,,,,,,,,,,,,
297,179,trauma center new blood,1,2017,242274,55 hours,138690,17,28,326,0,4404.98,,,,,,,,,,,,,,,
298,184,super mario bros,1,2017,238260,1304 hours,212544,12,320,320,1,182.71,,,,,,,,,,,,,,,
299,188,castlevania rondo of blood,1,2017,233111,56 hours,157319,10,25,313,0,4162.7,,,,,,,,,,,,,,,
300,189,mega man network transmission,1,2017,231158,39 hours,170125,10,19,311,0,5927.13,,,,,,,,,,,,,,,
301,190,super castlevania 4,1,2017,230865,444 hours,158385,14,92,310,0,519.97,,,,,,,,,,,,,,,
302,197,crash bandicoot 2 cortex strikes back,1,2017,217916,766 hours,158305,19,198,293,1,284.49,,,,,,,,,,,,,,,
303,198,sparkster,1,2017,217692,19 hours,153550,10,12,292,0,11457.47,,,,,,,,,,,,,,,
304,199,rocket robot on wheels,1,2017,213639,46 hours,160445,9,15,287,0,4644.33,,,,,,,,,,,,,,,
306,96,imdb live viewing party,2,2017,443665,123 hours,104602,28,44,661,0,3607.03,,,,,,,,,,,,,,,
307,108,resident evil 5,2,2017,340567,5495 hours,24298,28,1753,507,8,61.98,,,,,,,,,,,,,,,
308,115,mega man,2,2017,288390,1806 hours,13940,18,412,429,2,159.68,,,,,,,,,,,,,,,
311,133,halo wars 2,2,2017,252880,19548 hours,7875,305,4058,376,29,12.94,,,,,,,,,,,,,,,
312,147,super robot taisen 5,2,2017,206921,4481 hours,10166,66,224,308,6,46.18,,,,,,,,,,,,,,,
314,164,fire emblem heroes,2,2017,186997,4737 hours,4195,47,812,278,7,39.48,,,,,,,,,,,,,,,
317,181,watch dogs 2,2,2017,166134,7862 hours,6064,30,4846,247,11,21.13,,,,,,,,,,,,,,,
319,189,digimon world next order,2,2017,153421,15450 hours,1587,104,1712,228,23,9.93,,,,,,,,,,,,,,,
321,195,the walking dead season one,2,2017,152326,4484 hours,10470,22,1129,227,6,33.97,,,,,,,,,,,,,,,
322,197,puzzle dragons,2,2017,149334,4302 hours,3403,20,349,222,6,34.71,,,,,,,,,,,,,,,
323,199,poku00e9mon redblue,2,2017,146092,3717 hours,1220,16,363,217,5,39.3,,,,,,,,,,,,,,,
324,11,power rangers battle for the grid,3,2017,8091268,8678 hours,71017,101,995,10889,11,932.39,,,,,,,,,,,,,,,
326,102,finding bigfoot,3,2017,324087,1553 hours,52902,14,512,436,2,208.68,,,,,,,,,,,,,,,
333,153,xcom enemy within,3,2017,181455,2162 hours,2469,11,149,244,2,83.93,,,,,,,,,,,,,,,
335,171,brawl of ages,3,2017,151756,470 hours,16441,8,60,204,0,322.89,,,,,,,,,,,,,,,
339,180,nhl 17,3,2017,144608,9290 hours,2621,50,2530,194,12,15.57,,,,,,,,,,,,,,,
340,182,power rangers samurai,3,2017,142037,176 hours,16736,6,50,191,0,807.03,,,,,,,,,,,,,,,
349,106,cosmos,4,2017,333310,423 hours,20325,25,79,463,0,787.97,,,,,,,,,,,,,,,
350,113,nba 2k16,4,2017,313366,14422 hours,4961,62,2775,435,20,21.73,,,,,,,,,,,,,,,
356,151,the king of fighters14,4,2017,185499,4479 hours,8417,30,624,257,6,41.42,,,,,,,,,,,,,,,
360,173,dragon ball z dokkan battle,4,2017,148771,3972 hours,6101,25,393,206,5,37.45,,,,,,,,,,,,,,,
363,199,parappa the rapper,4,2017,124096,373 hours,38532,8,175,172,0,332.7,,,,,,,,,,,,,,,
364,200,rpg maker,4,2017,123731,1223 hours,2891,11,192,172,1,101.17,,,,,,,,,,,,,,,
366,95,final fantasy xiv heavensward,5,2017,450588,34569 hours,6122,173,6501,606,46,13.03,,,,,,,,,,,,,,,
369,117,forza horizon 3,5,2017,312932,23571 hours,43679,214,6696,421,31,13.28,,,,,,,,,,,,,,,
370,120,nba playgrounds,5,2017,299213,6621 hours,39807,96,2684,402,8,45.19,,,,,,,,,,,,,,,
372,129,tekken 7 fated retribution,5,2017,259581,1205 hours,18111,8,72,349,1,215.42,,,,,,,,,,,,,,,
373,134,super senso,5,2017,245913,455 hours,18940,6,60,330,0,540.47,,,,,,,,,,,,,,,
374,145,mass effect andromeda,5,2017,218641,19242 hours,11951,64,2830,294,25,11.36,,,,,,,,,,,,,,,
375,150,mass effect 3,5,2017,203341,2845 hours,12252,15,423,273,3,71.47,,,,,,,,,,,,,,,
378,158,star wars the old republic,5,2017,190858,18209 hours,1215,82,1979,256,24,10.48,,,,,,,,,,,,,,,
380,160,cat goes fishing,5,2017,185088,451 hours,16283,7,167,249,0,410.39,,,,,,,,,,,,,,,
383,184,poku00e9mon trading card game online,5,2017,150852,8807 hours,2543,37,1073,203,11,17.13,,,,,,,,,,,,,,,
386,195,fire emblem echoes shadows of valentia,5,2017,136861,2531 hours,8495,36,232,184,3,54.07,,,,,,,,,,,,,,,
388,7,e3 2017,6,2017,14332396,27200 hours,1105343,2142,5199,19933,37,526.93,,,,,,,,,,,,,,,
389,86,arms,6,2017,468819,9200 hours,40901,282,2145,652,12,50.96,,,,,,,,,,,,,,,
393,118,mystery science theater 3000,6,2017,286391,142 hours,8044,4,12,398,0,2016.84,,,,,,,,,,,,,,,
394,134,mlb the show 17,6,2017,229519,8194 hours,14378,31,3694,319,11,28.01,,,,,,,,,,,,,,,
397,143,spongebob squarepants battle for bikini bottom,6,2017,206120,1171 hours,26601,9,110,286,1,176.02,,,,,,,,,,,,,,,
398,144,ys viii lacrimosa of dana,6,2017,202881,2996 hours,5146,22,143,282,4,67.72,,,,,,,,,,,,,,,
400,154,starcraft brood war,6,2017,184606,11557 hours,11407,31,850,256,16,15.97,,,,,,,,,,,,,,,
406,182,rock band 4,6,2017,157097,12804 hours,11390,49,2251,218,17,12.27,,,,,,,,,,,,,,,
408,188,marvel future fight,6,2017,144674,610 hours,17449,5,47,201,0,237.17,,,,,,,,,,,,,,,
411,76,earthbound,7,2017,726111,2697 hours,159596,20,304,977,3,269.23,,,,,,,,,,,,,,,
413,86,the legend of zelda twilight princess,7,2017,589551,1146 hours,142814,14,151,793,1,514.44,,,,,,,,,,,,,,,
416,102,kingdom hearts 2,7,2017,477399,1771 hours,148031,18,336,642,2,269.56,,,,,,,,,,,,,,,
417,119,titanfall 2,7,2017,392449,20948 hours,138129,109,7769,528,28,18.73,,,,,,,,,,,,,,,
419,125,madden nfl 17,7,2017,383546,77453 hours,10848,278,12612,516,104,4.95,,,,,,,,,,,,,,,
420,126,blazblue central fiction,7,2017,382542,1827 hours,107546,19,809,514,2,209.38,,,,,,,,,,,,,,,
421,131,tetris the grand master,7,2017,354007,231 hours,148613,9,40,476,0,1532.5,,,,,,,,,,,,,,,
422,136,the walking dead a new frontier,7,2017,345058,4558 hours,24093,20,1134,464,6,75.7,,,,,,,,,,,,,,,
424,143,resident evil code veronica x,7,2017,319068,579 hours,111628,9,209,429,0,551.07,,,,,,,,,,,,,,,
426,151,ape escape,7,2017,299969,556 hours,163153,11,72,403,0,539.51,,,,,,,,,,,,,,,
427,152,mxm,7,2017,298005,18334 hours,6445,66,2065,401,24,16.25,,,,,,,,,,,,,,,
428,153,metroid fusion,7,2017,297286,592 hours,158618,14,142,400,0,502.17,,,,,,,,,,,,,,,
429,158,azure striker gunvolt 2,7,2017,291374,86 hours,142476,8,20,392,0,3388.07,,,,,,,,,,,,,,,
430,160,metroid prime,7,2017,290485,1491 hours,153077,15,217,390,2,194.83,,,,,,,,,,,,,,,
431,161,super monkey ball deluxe,7,2017,289399,154 hours,182262,14,32,389,0,1879.21,,,,,,,,,,,,,,,
432,168,jet set radio future,7,2017,269283,350 hours,105679,9,44,362,0,769.38,,,,,,,,,,,,,,,
433,169,spyro year of the dragon,7,2017,265172,733 hours,157711,15,135,356,0,361.76,,,,,,,,,,,,,,,
435,175,startropics,7,2017,255166,133 hours,150150,14,40,343,0,1918.54,,,,,,,,,,,,,,,
436,176,halo combat evolved,7,2017,254726,889 hours,160097,12,192,342,1,286.53,,,,,,,,,,,,,,,
437,179,kirby planet robobot,7,2017,249013,67 hours,145781,11,22,335,0,3716.61,,,,,,,,,,,,,,,
443,194,luigis mansion,7,2017,222538,1978 hours,146962,13,284,299,2,112.51,,,,,,,,,,,,,,,
447,61,gamescom 2017,8,2017,920916,1385 hours,161292,52,188,1239,1,664.92,,,,,,,,,,,,,,,
448,67,observer,8,2017,811355,11766 hours,38710,152,2478,1091,15,68.96,,,,,,,,,,,,,,,
449,104,anime,8,2017,462889,1244 hours,24296,74,440,623,1,372.1,,,,,,,,,,,,,,,
450,124,lawbreakers,8,2017,342695,30342 hours,8497,247,6705,461,40,11.29,,,,,,,,,,,,,,,
451,128,gigantic,8,2017,326191,22062 hours,20687,120,4415,439,29,14.79,,,,,,,,,,,,,,,
454,156,exploration,8,2017,236209,108 hours,90872,13,21,317,0,2187.12,,,,,,,,,,,,,,,
455,157,uncharted 4 a thiefs end,8,2017,234356,20074 hours,11747,60,3796,315,27,11.67,,,,,,,,,,,,,,,
456,159,age of empires ii edition,8,2017,226311,4570 hours,23859,21,1001,304,6,49.52,,,,,,,,,,,,,,,
457,163,beyond two souls,8,2017,216527,906 hours,13982,6,344,291,1,238.99,,,,,,,,,,,,,,,
458,184,heavy rain,8,2017,172927,716 hours,16383,6,267,232,0,241.52,,,,,,,,,,,,,,,
461,69,mario rabbids kingdom battle,9,2017,717280,14579 hours,12316,130,1823,997,20,49.2,,,,,,,,,,,,,,,
462,86,uncharted the lost legacy,9,2017,521608,5508 hours,24883,31,2990,725,7,94.7,,,,,,,,,,,,,,,
464,100,destiny,9,2017,417840,74816 hours,12425,789,17135,581,104,5.58,,,,,,,,,,,,,,,
465,116,monopoly,9,2017,355772,355 hours,45570,8,152,494,0,1002.17,,,,,,,,,,,,,,,
471,141,football manager 2017,9,2017,252431,5524 hours,4488,27,562,351,7,45.7,,,,,,,,,,,,,,,
476,151,everybodys golf,9,2017,230768,7111 hours,42271,47,1481,320,9,32.45,,,,,,,,,,,,,,,
483,186,nhl 18,9,2017,174339,8971 hours,1343,61,2456,242,12,19.43,,,,,,,,,,,,,,,
486,62,twitchcon 2017,10,2017,878473,1602 hours,86285,89,411,1182,2,548.36,,,,,,,,,,,,,,,
493,137,smite tactics,10,2017,276223,8537 hours,4204,29,712,371,11,32.36,,,,,,,,,,,,,,,
495,158,forza motorsport 7,10,2017,232052,20292 hours,29514,89,3609,312,27,11.44,,,,,,,,,,,,,,,
496,161,middleearth shadow of mordor,10,2017,228147,24000 hours,13031,103,5692,307,32,9.51,,,,,,,,,,,,,,,
498,173,romance of the three kingdoms13,10,2017,195258,1560 hours,3484,11,68,262,2,125.17,,,,,,,,,,,,,,,
502,180,party hard tycoon,10,2017,178270,216 hours,31892,7,80,239,0,825.32,,,,,,,,,,,,,,,
504,192,golf story,10,2017,160921,1718 hours,41518,18,374,216,2,93.67,,,,,,,,,,,,,,,
509,103,poku00e9mon sunmoon,11,2017,473383,15432 hours,5183,66,1616,658,21,30.68,,,,,,,,,,,,,,,
511,139,hidden agenda,11,2017,277274,1291 hours,15588,18,478,385,1,214.77,,,,,,,,,,,,,,,
514,157,girls frontline,11,2017,230468,7916 hours,1403,54,493,320,11,29.11,,,,,,,,,,,,,,,
516,184,werewolves u72fcu4ebau6bba,11,2017,174009,702 hours,6460,6,26,242,0,247.88,,,,,,,,,,,,,,,
518,195,mega man x2,11,2017,148516,631 hours,2928,5,85,206,0,235.37,,,,,,,,,,,,,,,
519,196,spelunky,11,2017,148347,2971 hours,15893,13,770,206,4,49.93,,,,,,,,,,,,,,,
520,197,pro evolution soccer 2018,11,2017,146679,6990 hours,29038,25,1264,204,9,20.98,,,,,,,,,,,,,,,
526,121,digimon story cyber sleuth hackers memory,12,2017,347393,2029 hours,10314,23,96,467,2,171.21,,,,,,,,,,,,,,,
527,132,lineage 2 revolution,12,2017,294091,13137 hours,28196,42,950,395,17,22.39,,,,,,,,,,,,,,,
530,150,trackmania 2 canyon,12,2017,251411,270 hours,31899,5,84,338,0,931.15,,,,,,,,,,,,,,,
531,154,the idolmaster stella stage,12,2017,245314,2728 hours,16440,35,192,330,3,89.92,,,,,,,,,,,,,,,
533,167,ragnarok online mobile,12,2017,215825,5481 hours,7603,25,272,290,7,39.38,,,,,,,,,,,,,,,
535,169,need for speed payback,12,2017,209562,11243 hours,10081,49,2252,282,15,18.64,,,,,,,,,,,,,,,
539,185,u014ckami,12,2017,181539,19273 hours,29429,148,3305,244,25,9.42,,,,,,,,,,,,,,,
544,107,metroid prime 3 corruption,1,2018,477206,136 hours,135785,13,24,642,0,3508.87,,,,,,,,,,,,,,,
545,129,super mario galaxy,1,2018,359147,1686 hours,138156,13,194,483,2,213.02,,,,,,,,,,,,,,,
546,131,sonic advance 3,1,2018,356218,41 hours,148483,12,19,479,0,8688.24,,,,,,,,,,,,,,,
547,133,super mario world 2 yoshis island,1,2018,342177,1193 hours,145421,12,251,460,1,286.82,,,,,,,,,,,,,,,
549,140,donkey kong country,1,2018,329205,1304 hours,150151,12,405,443,1,252.46,,,,,,,,,,,,,,,
551,144,fzero gx,1,2018,313739,127 hours,161002,9,45,422,0,2470.39,,,,,,,,,,,,,,,
552,146,paragon,1,2018,300161,39737 hours,3523,109,4467,403,53,7.55,,,,,,,,,,,,,,,
553,147,metal gearid 3 snake eater,1,2018,299747,990 hours,146322,11,140,403,1,302.77,,,,,,,,,,,,,,,
555,157,super punchout,1,2018,284811,110 hours,147152,4,50,383,0,2589.19,,,,,,,,,,,,,,,
556,167,superman,1,2018,263922,46 hours,132672,9,15,355,0,5737.43,,,,,,,,,,,,,,,
557,168,rayman,1,2018,262525,223 hours,110789,13,46,353,0,1177.24,,,,,,,,,,,,,,,
560,176,diablo,1,2018,256375,1522 hours,163460,10,162,345,2,168.45,,,,,,,,,,,,,,,
561,177,lineage m,1,2018,251364,5648 hours,6772,25,241,338,7,44.5,,,,,,,,,,,,,,,
563,179,mega man zero 3,1,2018,248092,73 hours,144947,9,23,333,0,3398.52,,,,,,,,,,,,,,,
564,182,secret of evermore,1,2018,245797,562 hours,117085,11,51,330,0,437.36,,,,,,,,,,,,,,,
566,186,super monkey ball,1,2018,241350,311 hours,148741,11,65,324,0,776.05,,,,,,,,,,,,,,,
567,189,littlebigplanet 2,1,2018,240281,73 hours,121102,8,19,323,0,3291.52,,,,,,,,,,,,,,,
568,194,fire emblem the sacred stones,1,2018,234106,760 hours,132578,11,134,315,1,308.03,,,,,,,,,,,,,,,
569,195,farmers dynasty,1,2018,234041,1366 hours,24478,9,179,314,1,171.33,,,,,,,,,,,,,,,
570,196,metal gearid,1,2018,233448,1516 hours,149896,11,262,314,2,153.99,,,,,,,,,,,,,,,
572,28,shadow of the colossus,2,2018,3071076,43726 hours,69742,521,10414,4576,65,70.23,,,,,,,,,,,,,,,
580,132,sid meiers civilization vi rise and fall,2,2018,296944,6289 hours,12911,65,810,442,9,47.22,,,,,,,,,,,,,,,
593,48,fist of the north star lost paradise,3,2018,1551163,6573 hours,50661,103,397,2087,8,235.99,,,,,,,,,,,,,,,
597,119,kirby star allies,3,2018,389567,9317 hours,24135,186,1985,524,12,41.81,,,,,,,,,,,,,,,
598,123,attack on titan 2,3,2018,380727,9741 hours,30384,79,1522,512,13,39.09,,,,,,,,,,,,,,,
599,131,sos,3,2018,324912,14148 hours,12903,57,1728,437,19,22.97,,,,,,,,,,,,,,,
600,132,mister rogers neighborhood,3,2018,323629,326 hours,10315,5,29,435,0,992.73,,,,,,,,,,,,,,,
605,158,god of war collection,3,2018,252401,884 hours,9432,6,92,339,1,285.52,,,,,,,,,,,,,,,
614,196,zero escape nine hours nine persons nine doors,3,2018,197213,661 hours,7155,7,62,265,0,298.36,,,,,,,,,,,,,,,
615,199,rules of survival,3,2018,192193,32075 hours,5638,80,5911,258,43,5.99,,,,,,,,,,,,,,,
616,48,god of war 3,4,2018,1417791,7880 hours,35215,65,2408,1971,10,179.92,,,,,,,,,,,,,,,
619,103,god of war 2,4,2018,536207,2446 hours,24521,20,314,745,3,219.22,,,,,,,,,,,,,,,
620,109,tera,4,2018,493928,83766 hours,5927,285,13985,686,116,5.9,,,,,,,,,,,,,,,
623,118,yakuza 6 the song of life,4,2018,427795,18599 hours,9880,207,2171,594,25,23.0,,,,,,,,,,,,,,,
628,136,heroes of might and magic v tribes of the east,4,2018,371366,706 hours,13510,9,100,516,0,526.01,,,,,,,,,,,,,,,
629,175,halo online,4,2018,226027,15139 hours,23035,304,5186,314,21,14.93,,,,,,,,,,,,,,,
642,147,yugioh forbidden memories,5,2018,343855,4201 hours,2839,49,257,462,5,81.85,,,,,,,,,,,,,,,
644,160,xenoblade chronicles 2,5,2018,291652,5156 hours,13177,19,491,392,6,56.57,,,,,,,,,,,,,,,
650,185,shoppe keep 2,5,2018,218392,2105 hours,35249,45,594,293,2,103.75,,,,,,,,,,,,,,,
655,7,e3 2018,6,2018,23459443,64970 hours,1817345,5125,13346,32627,90,361.08,,,,,,,,,,,,,,,
657,54,e3,6,2018,1534310,3799 hours,566191,1547,2063,2133,5,403.87,,,,,,,,,,,,,,,
658,91,baldis basics in education and learning,6,2018,781035,2573 hours,38533,15,1573,1086,3,303.55,,,,,,,,,,,,,,,
659,93,crsed foad,6,2018,773302,12968 hours,58647,126,6737,1075,18,59.63,,,,,,,,,,,,,,,
661,102,bethesda at e3,6,2018,653729,504 hours,388286,218,251,909,0,1297.08,,,,,,,,,,,,,,,
664,129,unravel two,6,2018,446773,3531 hours,51982,90,1041,621,4,126.53,,,,,,,,,,,,,,,
665,138,hot lava,6,2018,422810,3772 hours,42570,34,1410,588,5,112.09,,,,,,,,,,,,,,,
666,139,the legend of zelda four swords adventures,6,2018,417575,220 hours,130420,13,45,580,0,1898.07,,,,,,,,,,,,,,,
668,156,the legend of zelda majoras mask 3d,6,2018,357518,352 hours,153067,11,61,497,0,1015.68,,,,,,,,,,,,,,,
669,157,paper mario,6,2018,346484,2003 hours,137379,42,298,481,2,172.98,,,,,,,,,,,,,,,
672,172,the legend of zelda oracle of seasons,6,2018,306749,504 hours,121147,13,80,426,0,608.63,,,,,,,,,,,,,,,
673,176,the simpsons hit run,6,2018,294500,1009 hours,125675,16,198,409,1,291.87,,,,,,,,,,,,,,,
674,178,battlefield 4,6,2018,288642,39412 hours,40895,119,10906,401,54,7.32,,,,,,,,,,,,,,,
677,183,poku00e9mon quest,6,2018,284478,7272 hours,5689,48,1447,395,10,39.12,,,,,,,,,,,,,,,
678,184,might magic elemental guardians,6,2018,283426,5005 hours,4737,21,397,394,6,56.63,,,,,,,,,,,,,,,
682,193,banjotooie,6,2018,272135,906 hours,104527,11,131,378,1,300.37,,,,,,,,,,,,,,,
685,200,ninja gaiden black,6,2018,260118,577 hours,156016,16,147,361,0,450.81,,,,,,,,,,,,,,,
686,40,doctor who pinball,7,2018,2495176,544 hours,14685,3,10,3358,0,4586.72,,,,,,,,,,,,,,,
688,77,mario tennis aces,7,2018,1033637,11744 hours,43444,60,2452,1391,15,88.01,,,,,,,,,,,,,,,
692,124,hitman,7,2018,554671,9214 hours,14876,37,3028,746,12,60.2,,,,,,,,,,,,,,,
700,159,the culling,7,2018,365588,4152 hours,22784,60,1041,492,5,88.05,,,,,,,,,,,,,,,
701,162,mlb the show 18,7,2018,345963,14035 hours,6028,52,2995,465,18,24.65,,,,,,,,,,,,,,,
703,170,maplestory m,7,2018,319414,4454 hours,18624,48,670,429,5,71.71,,,,,,,,,,,,,,,
707,184,just dance 2018,7,2018,288456,2147 hours,11231,13,551,388,2,134.35,,,,,,,,,,,,,,,
708,191,home run derby vr,7,2018,269577,25 hours,120714,10,14,362,0,10783.08,,,,,,,,,,,,,,,
711,198,madden nfl 18,7,2018,253285,55945 hours,8683,215,11162,340,75,4.53,,,,,,,,,,,,,,,
712,200,guitar hero iii legends of rock,7,2018,251818,13805 hours,3330,49,2922,338,18,18.24,,,,,,,,,,,,,,,
715,53,boxing fight,8,2018,1496780,756 hours,1097362,302,547,2014,1,1979.87,,,,,,,,,,,,,,,
718,99,yakuza 3,8,2018,723712,3751 hours,14737,50,201,974,5,192.94,,,,,,,,,,,,,,,
720,127,guilty gear xrd rev 2,8,2018,430584,2779 hours,106301,15,642,579,3,154.94,,,,,,,,,,,,,,,
723,144,shenmue,8,2018,354935,10396 hours,25645,133,2089,477,13,34.14,,,,,,,,,,,,,,,
725,156,gran turismo sport,8,2018,304694,4086 hours,8236,22,526,410,5,74.57,,,,,,,,,,,,,,,
728,172,social eating,8,2018,264324,2301 hours,16866,13,1542,355,3,114.87,,,,,,,,,,,,,,,
731,180,throne of lies medieval politics,8,2018,248963,1687 hours,12691,11,206,335,2,147.58,,,,,,,,,,,,,,,
734,183,jojos bizarre adventure,8,2018,244095,444 hours,6174,10,67,328,0,549.76,,,,,,,,,,,,,,,
736,189,world of warcraft battle for azeroth,8,2018,230598,65327 hours,5800,1659,7499,310,87,3.53,,,,,,,,,,,,,,,
737,190,mega man 10,8,2018,228725,3791 hours,4744,20,798,307,5,60.33,,,,,,,,,,,,,,,
739,5,irl,9,2018,36570260,564084 hours,138512,1664,113466,50862,784,64.83,,,,,,,,,,,,,,,
740,19,casino_old,9,2018,6957995,31048 hours,51882,115,1336,9677,43,224.1,,,,,,,,,,,,,,,
741,32,creative,9,2018,3726882,247081 hours,55284,651,29748,5183,343,15.08,,,,,,,,,,,,,,,
742,59,super seducer 2,9,2018,1212026,4810 hours,30155,38,1230,1685,6,251.98,,,,,,,,,,,,,,,
743,73,fifa 18,9,2018,802573,71184 hours,13869,419,19928,1116,99,11.27,,,,,,,,,,,,,,,
744,88,the bards tale 4,9,2018,689825,3595 hours,20574,57,402,959,5,191.88,,,,,,,,,,,,,,,
748,119,yakuza kiwami 2,9,2018,479826,12804 hours,23998,78,1206,667,17,37.47,,,,,,,,,,,,,,,
751,133,monster hunter generations ultimate,9,2018,422954,25048 hours,6472,103,1636,588,34,16.89,,,,,,,,,,,,,,,
752,147,i wanna be the boshy,9,2018,375658,1254 hours,11361,9,340,522,1,299.57,,,,,,,,,,,,,,,
758,177,identity 5,9,2018,259671,4441 hours,28513,30,694,361,6,58.47,,,,,,,,,,,,,,,
759,178,old spice games,9,2018,259639,57 hours,47320,6,13,361,0,4555.07,,,,,,,,,,,,,,,
760,195,kantai collection,9,2018,236599,13118 hours,3544,70,712,329,18,18.04,,,,,,,,,,,,,,,
761,196,heroes of newerth,9,2018,231302,6790 hours,4593,24,570,321,9,34.07,,,,,,,,,,,,,,,
768,109,red dead redemption,10,2018,634806,13526 hours,25393,63,1895,854,18,46.93,,,,,,,,,,,,,,,
769,129,dragalia lost,10,2018,451739,10019 hours,6702,48,837,607,13,45.09,,,,,,,,,,,,,,,
772,154,battlefield 1,10,2018,342306,73093 hours,3368,214,15751,460,98,4.68,,,,,,,,,,,,,,,
775,178,donkey kong country tropical freeze,10,2018,267856,561 hours,68273,10,129,360,0,477.46,,,,,,,,,,,,,,,
777,185,beauty body art,10,2018,244063,4048 hours,5400,52,1270,328,5,60.29,,,,,,,,,,,,,,,
779,193,hokuto no ken 2,10,2018,231945,4220 hours,6880,47,441,312,5,54.96,,,,,,,,,,,,,,,
780,194,professor layton and the curious village,10,2018,229312,620 hours,6877,6,92,308,0,369.86,,,,,,,,,,,,,,,
782,200,silent hill 2,10,2018,221907,3464 hours,49437,23,529,298,4,64.06,,,,,,,,,,,,,,,
783,59,overkills the walking dead,11,2018,1430321,33296 hours,88925,465,4038,1989,46,42.96,,,,,,,,,,,,,,,
785,118,deltarune chapter 1,11,2018,587192,25841 hours,22805,251,8011,816,35,22.72,,,,,,,,,,,,,,,
788,127,extra life,11,2018,501146,28813 hours,18933,1074,2075,697,40,17.39,,,,,,,,,,,,,,,
794,166,halo 5 guardians,11,2018,314924,18667 hours,33163,72,3148,438,25,16.87,,,,,,,,,,,,,,,
797,196,dont starve,11,2018,232589,7746 hours,7199,36,1512,323,10,30.03,,,,,,,,,,,,,,,
798,18,casino,12,2018,7833576,42340 hours,95879,179,1947,10543,56,185.02,,,,,,,,,,,,,,,
799,46,the game awards,12,2018,2616784,7636 hours,819968,2126,2577,3521,10,342.69,,,,,,,,,,,,,,,
803,85,ashen,12,2018,917664,15256 hours,41773,76,3320,1235,20,60.15,,,,,,,,,,,,,,,
811,157,marvels spiderman,12,2018,413783,69375 hours,6342,288,17393,556,93,5.96,,,,,,,,,,,,,,,
812,168,spyro reignited trilogy,12,2018,361182,40685 hours,3448,156,7886,486,54,8.88,,,,,,,,,,,,,,,
813,174,katamari damacy,12,2018,349076,4084 hours,25930,50,1418,469,5,85.47,,,,,,,,,,,,,,,
816,192,super smash bros for wii u,12,2018,284296,6270 hours,12880,90,1494,382,8,45.34,,,,,,,,,,,,,,,
818,32,kingdom hearts 15 25 remix,1,2019,3991969,106342 hours,24959,324,6925,5372,143,37.54,,,,,,,,,,,,,,,
820,76,friends marble,1,2019,1211549,607 hours,29099,8,86,1630,0,1995.96,,,,,,,,,,,,,,,
821,87,the legend of zelda the wind waker,1,2019,1008069,2834 hours,160170,17,365,1356,3,355.71,,,,,,,,,,,,,,,
822,103,the legend of zelda twilight princess,1,2019,801590,2948 hours,168699,22,402,1078,3,271.91,,,,,,,,,,,,,,,
823,121,street fighter iii 3rd strike,1,2019,639305,1181 hours,40518,16,249,860,1,541.33,,,,,,,,,,,,,,,
825,133,yakuza 4,1,2019,573512,2089 hours,24452,28,135,771,2,274.54,,,,,,,,,,,,,,,
826,141,clop,1,2019,526501,1026 hours,17320,18,415,708,1,513.16,,,,,,,,,,,,,,,
827,143,donkey kong 64,1,2019,516340,1632 hours,26663,10,177,694,2,316.38,,,,,,,,,,,,,,,
829,146,new super mario bros u,1,2019,512874,7532 hours,23701,92,1600,690,10,68.09,,,,,,,,,,,,,,,
830,148,super mario rpg legend of the seven stars,1,2019,504883,1691 hours,150140,18,269,679,2,298.57,,,,,,,,,,,,,,,
832,176,ragnarok m eternal love,1,2019,392647,15690 hours,2555,70,1333,528,21,25.03,,,,,,,,,,,,,,,
837,190,mario kart ds,1,2019,342745,116 hours,183673,12,38,461,0,2954.7,,,,,,,,,,,,,,,
839,193,final fantasy11,1,2019,333526,11713 hours,33369,42,486,448,15,28.47,,,,,,,,,,,,,,,
841,197,final fantasy 4,1,2019,327388,4556 hours,146533,42,370,440,6,71.86,,,,,,,,,,,,,,,
842,200,trauma center under the knife 2,1,2019,324408,58 hours,119012,8,12,436,0,5593.24,,,,,,,,,,,,,,,
843,48,devotion,2,2019,1715445,13631 hours,106816,564,4185,2556,20,125.85,,,,,,,,,,,,,,,
848,138,the joy of sex,2,2019,442628,512 hours,31801,13,172,659,0,864.51,,,,,,,,,,,,,,,
850,146,crunchyroll anime awards,2,2019,401668,926 hours,61079,353,390,598,1,433.77,,,,,,,,,,,,,,,
851,162,,2,2019,317951,77004 hours,30919,5804,21758,473,114,4.13,,,,,,,,,,,,,,,
858,189,super seducer,2,2019,247280,930 hours,11589,16,329,368,1,265.89,,,,,,,,,,,,,,,
862,109,kageroh shadow corridor,3,2019,634202,2620 hours,21236,28,438,853,3,242.06,,,,,,,,,,,,,,,
867,165,skylanders ring of heroes,3,2019,378704,7229 hours,10208,28,428,509,9,52.39,,,,,,,,,,,,,,,
868,166,the walking dead the final season,3,2019,376151,6602 hours,24728,174,2772,506,8,56.98,,,,,,,,,,,,,,,
870,178,blade soul,3,2019,329287,31119 hours,9837,103,2437,443,41,10.58,,,,,,,,,,,,,,,
872,184,tetris,3,2019,310233,9336 hours,22667,48,2802,417,12,33.23,,,,,,,,,,,,,,,
881,98,imperator rome,4,2019,759356,9003 hours,14561,257,1209,1056,12,84.34,,,,,,,,,,,,,,,
885,118,persona 5,4,2019,612856,17544 hours,8588,73,2368,852,24,34.93,,,,,,,,,,,,,,,
886,120,yoshis crafted world,4,2019,594053,9498 hours,12884,61,1699,826,13,62.55,,,,,,,,,,,,,,,
887,155,yuppie psycho,4,2019,388020,1156 hours,33399,29,233,539,1,335.66,,,,,,,,,,,,,,,
889,159,pagan online,4,2019,382264,7833 hours,28830,75,1141,531,10,48.8,,,,,,,,,,,,,,,
890,169,arena of valor,4,2019,333523,7010 hours,6417,28,881,463,9,47.58,,,,,,,,,,,,,,,
892,193,tetris 99,4,2019,281280,8339 hours,37202,56,2272,391,11,33.73,,,,,,,,,,,,,,,
893,195,my twin brother made me crossdress as him and now i have to deal with a geeky stalker and a domme beauty who want me in a bind,4,2019,269698,134 hours,35249,10,40,375,0,2012.67,,,,,,,,,,,,,,,
894,196,anthem,4,2019,268372,28870 hours,8263,108,4344,373,40,9.3,,,,,,,,,,,,,,,
895,39,rage 2,5,2019,3004606,66442 hours,102848,887,10513,4043,89,45.22,,,,,,,,,,,,,,,
896,65,splitgate arena warfare,5,2019,1516794,50386 hours,87050,768,16224,2041,67,30.1,,,,,,,,,,,,,,,
897,88,xera survival,5,2019,883459,11118 hours,28858,148,2155,1189,14,79.46,,,,,,,,,,,,,,,
898,106,observation,5,2019,731205,5989 hours,52078,87,1330,984,8,122.09,,,,,,,,,,,,,,,
903,176,last epoch,5,2019,351378,9376 hours,6135,88,865,472,12,37.48,,,,,,,,,,,,,,,
904,179,close to the sun,5,2019,343108,3465 hours,26494,37,867,461,4,99.02,,,,,,,,,,,,,,,
907,66,super mario maker,6,2019,1679647,24608 hours,17846,74,1329,2336,34,68.26,,,,,,,,,,,,,,,
908,75,cadence of hyrule crypt of the necrodancer featuring the legend of zelda,6,2019,1147533,17174 hours,41401,302,3518,1596,23,66.82,,,,,,,,,,,,,,,
909,94,deathgarden bloodharvest,6,2019,927567,51258 hours,30187,268,9418,1290,71,18.1,,,,,,,,,,,,,,,
911,105,poku00e9mon crystal,6,2019,776551,2716 hours,168236,49,378,1080,3,285.92,,,,,,,,,,,,,,,
912,106,octopath traveler,6,2019,775474,16031 hours,124073,97,1488,1078,22,48.37,,,,,,,,,,,,,,,
913,107,a plague tale innocence,6,2019,768577,19387 hours,27329,100,3348,1068,26,39.64,,,,,,,,,,,,,,,
914,119,the legend of zelda a link between worlds,6,2019,567274,441 hours,147535,14,72,788,0,1286.34,,,,,,,,,,,,,,,
915,123,super mario galaxy 2,6,2019,545767,946 hours,133887,11,145,759,1,576.92,,,,,,,,,,,,,,,
916,127,hell let loose,6,2019,537810,13909 hours,31481,92,2456,747,19,38.67,,,,,,,,,,,,,,,
917,136,outer wilds,6,2019,487519,6281 hours,23165,37,1535,678,8,77.62,,,,,,,,,,,,,,,
918,137,void bastards,6,2019,487401,10744 hours,20365,82,2862,677,14,45.36,,,,,,,,,,,,,,,
919,140,banjokazooie,6,2019,478349,7234 hours,142486,45,1404,665,10,66.13,,,,,,,,,,,,,,,
920,150,madden nfl 19,6,2019,445005,57984 hours,18418,253,9925,618,80,7.67,,,,,,,,,,,,,,,
921,152,nhl 19,6,2019,436332,15593 hours,68312,77,4215,606,21,27.98,,,,,,,,,,,,,,,
922,160,the legend of zelda the minish cap,6,2019,412132,1195 hours,152020,12,184,573,1,344.88,,,,,,,,,,,,,,,
923,173,trover saves the universe,6,2019,365558,9998 hours,33114,105,2956,508,13,36.56,,,,,,,,,,,,,,,
924,175,reventure,6,2019,363786,3084 hours,20569,22,903,505,4,117.96,,,,,,,,,,,,,,,
926,179,punchout,6,2019,359211,181 hours,155210,14,95,499,0,1984.59,,,,,,,,,,,,,,,
927,182,roller champions,6,2019,344913,6664 hours,42724,251,3542,479,9,51.76,,,,,,,,,,,,,,,
929,190,mega man 11,6,2019,327984,952 hours,124320,9,246,456,1,344.52,,,,,,,,,,,,,,,
930,192,barotrauma,6,2019,324557,3306 hours,16835,43,662,451,4,98.17,,,,,,,,,,,,,,,
933,200,days gone,6,2019,308481,49714 hours,11061,150,6989,429,69,6.21,,,,,,,,,,,,,,,
934,61,wolfenstein youngblood,7,2019,1188315,24882 hours,49242,453,5459,1599,33,47.76,,,,,,,,,,,,,,,
935,76,crash team racing nitrofueled,7,2019,909022,31570 hours,32785,182,8993,1223,42,28.79,,,,,,,,,,,,,,,
936,82,the sinking city,7,2019,858422,19282 hours,17144,163,2504,1155,25,44.52,,,,,,,,,,,,,,,
938,123,judgment,7,2019,492171,19130 hours,11959,71,1463,662,25,25.73,,,,,,,,,,,,,,,
939,127,iratus lord of the dead,7,2019,479715,4009 hours,19308,54,576,645,5,119.66,,,,,,,,,,,,,,,
940,129,marvel ultimate alliance 3 the black order,7,2019,475562,13116 hours,18104,275,2045,640,17,36.26,,,,,,,,,,,,,,,
941,133,mordhau,7,2019,458617,23144 hours,14122,72,5528,617,31,19.82,,,,,,,,,,,,,,,
942,143,bloodstained ritual of the night,7,2019,430023,33913 hours,6338,162,4582,578,45,12.68,,,,,,,,,,,,,,,
943,147,cooking simulator,7,2019,421214,5183 hours,28094,22,1781,566,6,81.27,,,,,,,,,,,,,,,
944,156,splatoon 2,7,2019,389951,37281 hours,17663,344,4269,524,50,10.46,,,,,,,,,,,,,,,
945,161,earth defense force 5,7,2019,362395,10754 hours,23317,57,1262,487,14,33.7,,,,,,,,,,,,,,,
946,187,my friend pedro,7,2019,283073,6298 hours,31539,44,2852,380,8,44.95,,,,,,,,,,,,,,,
947,192,layers of fear 2,7,2019,275667,3437 hours,26329,18,1169,371,4,80.21,,,,,,,,,,,,,,,
948,195,just dance 2019,7,2019,273103,3349 hours,25233,17,689,367,4,81.55,,,,,,,,,,,,,,,
949,117,silver chains,8,2019,521623,3355 hours,26167,50,1029,702,4,155.48,,,,,,,,,,,,,,,
950,122,telling lies,8,2019,510276,2312 hours,34822,39,596,686,3,220.71,,,,,,,,,,,,,,,
951,124,age of wonders planetfall,8,2019,501000,10589 hours,11622,153,1379,674,14,47.31,,,,,,,,,,,,,,,
953,137,wrestling,8,2019,437545,4062 hours,48683,25,174,588,5,107.72,,,,,,,,,,,,,,,
954,138,dragon quest builders 2,8,2019,431992,17822 hours,6470,60,1471,581,23,24.24,,,,,,,,,,,,,,,
955,139,rebel galaxy outlaw,8,2019,426154,4818 hours,28382,60,746,573,6,88.45,,,,,,,,,,,,,,,
956,143,samurai shodown,8,2019,414983,4026 hours,74167,22,806,558,5,103.08,,,,,,,,,,,,,,,
957,144,poku00e9mon ultra sunultra moon,8,2019,411731,8654 hours,18445,33,794,554,11,47.58,,,,,,,,,,,,,,,
961,188,hide or die,8,2019,289859,6025 hours,25733,135,1301,390,8,48.11,,,,,,,,,,,,,,,
962,195,gears of war 4,8,2019,275292,43732 hours,10995,161,6989,370,58,6.29,,,,,,,,,,,,,,,
963,197,warhammer 40000 inquisitor prophecy,8,2019,272130,1401 hours,18992,13,151,366,1,194.24,,,,,,,,,,,,,,,
964,200,age of empires,8,2019,268536,1770 hours,30412,21,362,361,2,151.72,,,,,,,,,,,,,,,
965,50,greedfall,9,2019,1824843,48489 hours,64452,564,6046,2538,67,37.63,,,,,,,,,,,,,,,
966,63,the surge 2,9,2019,1379007,13549 hours,52272,218,1807,1917,18,101.78,,,,,,,,,,,,,,,
967,81,astral chain,9,2019,875207,31579 hours,28180,240,3352,1217,43,27.71,,,,,,,,,,,,,,,
968,83,cube world,9,2019,853426,21667 hours,40613,531,4736,1186,30,39.39,,,,,,,,,,,,,,,
969,94,fifa 19,9,2019,708277,62743 hours,39433,364,15121,985,87,11.29,,,,,,,,,,,,,,,
972,142,catherine full body,9,2019,404526,15542 hours,10171,127,1965,562,21,26.03,,,,,,,,,,,,,,,
973,150,daymare 1998,9,2019,375548,4610 hours,26518,76,1062,522,6,81.46,,,,,,,,,,,,,,,
974,164,dicey dungeons,9,2019,322517,5029 hours,10269,27,1127,448,6,64.13,,,,,,,,,,,,,,,
976,172,princess connect redive,9,2019,296930,5223 hours,5101,33,484,412,7,56.85,,,,,,,,,,,,,,,
978,179,poku00e9mon blackwhite version 2,9,2019,281975,1896 hours,49239,13,325,392,2,148.72,,,,,,,,,,,,,,,
979,181,phoenix wright ace attorney trilogy,9,2019,281404,2665 hours,13806,22,431,391,3,105.59,,,,,,,,,,,,,,,
980,187,paper mario the thousandyear door,9,2019,258017,2232 hours,53167,15,307,358,3,115.6,,,,,,,,,,,,,,,
983,45,tom clancys ghost recon breakpoint,10,2019,2246345,139045 hours,83076,836,13482,3023,187,16.16,,,,,,,,,,,,,,,
985,96,little misfortune,10,2019,701991,3832 hours,29288,22,1198,944,5,183.19,,,,,,,,,,,,,,,
986,106,indivisible,10,2019,626849,17422 hours,19248,197,2210,843,23,35.98,,,,,,,,,,,,,,,
987,109,unrailed,10,2019,601192,2746 hours,34357,21,652,809,3,218.93,,,,,,,,,,,,,,,
988,113,mlb the show 19,10,2019,587239,11853 hours,14464,56,4224,790,15,49.54,,,,,,,,,,,,,,,
989,133,what the golf,10,2019,470513,1557 hours,26889,15,546,633,2,302.19,,,,,,,,,,,,,,,
991,136,disco elysium,10,2019,441111,4514 hours,25405,46,839,593,6,97.72,,,,,,,,,,,,,,,
992,138,trine 4 the nightmare prince,10,2019,436433,6253 hours,21468,83,1173,587,8,69.8,,,,,,,,,,,,,,,
993,141,ai the somnium files,10,2019,424053,5248 hours,12582,31,424,570,7,80.8,,,,,,,,,,,,,,,
994,145,blair witch,10,2019,415088,14510 hours,28785,142,4498,558,19,28.61,,,,,,,,,,,,,,,
995,152,children of morta,10,2019,399989,3469 hours,25610,23,694,538,4,115.3,,,,,,,,,,,,,,,
996,156,the dark pictures anthology man of medan,10,2019,393272,12771 hours,24701,115,3584,529,17,30.79,,,,,,,,,,,,,,,
997,157,blasphemous,10,2019,391846,7467 hours,15342,33,1493,527,10,52.48,,,,,,,,,,,,,,,
998,169,phoenix wright ace attorney trilogy,10,2019,357314,3271 hours,10410,22,436,480,4,109.24,,,,,,,,,,,,,,,
999,170,mistover,10,2019,356455,7075 hours,6282,68,865,479,9,50.38,,,,,,,,,,,,,,,
1000,177,chernobylite,10,2019,337379,3502 hours,26398,102,1304,454,4,96.34,,,,,,,,,,,,,,,
1001,179,secret neighbor,10,2019,332347,5012 hours,27344,76,1705,447,6,66.31,,,,,,,,,,,,,,,
1002,183,dauntless,10,2019,318682,37288 hours,13362,133,5820,428,50,8.55,,,,,,,,,,,,,,,
1003,185,dragon quest 4,10,2019,316267,16192 hours,6382,52,1215,425,21,19.53,,,,,,,,,,,,,,,
1006,193,medievil,10,2019,303729,11215 hours,8934,209,2328,408,15,27.08,,,,,,,,,,,,,,,
1007,196,ancestors the humankind odyssey,10,2019,300413,4082 hours,24621,17,681,404,5,73.59,,,,,,,,,,,,,,,
1009,198,poku00e9mon stadium 2,10,2019,297873,1337 hours,3036,18,134,400,1,222.79,,,,,,,,,,,,,,,
1010,199,wwe 2k20,10,2019,296891,10979 hours,18023,141,1575,399,14,27.04,,,,,,,,,,,,,,,
1011,66,the outer worlds,11,2019,1325358,132086 hours,14033,747,21349,1843,183,10.03,,,,,,,,,,,,,,,
1012,81,shenmue 3,11,2019,955001,12325 hours,25263,131,1405,1328,17,77.48,,,,,,,,,,,,,,,
1013,89,diablo 4,11,2019,819419,1620 hours,47472,21,245,1139,2,505.81,,,,,,,,,,,,,,,
1014,95,ratropolis,11,2019,748399,6142 hours,19053,46,850,1040,8,121.85,,,,,,,,,,,,,,,
1015,100,internet cafe simulator,11,2019,702992,4627 hours,35892,55,1454,977,6,151.93,,,,,,,,,,,,,,,
1016,112,superliminal,11,2019,611776,2612 hours,66435,30,1009,850,3,234.22,,,,,,,,,,,,,,,
1019,121,ring fit adventure,11,2019,524888,5062 hours,16896,27,954,730,7,103.69,,,,,,,,,,,,,,,
1020,122,the legend of bumbo,11,2019,524524,8462 hours,18131,248,1789,729,11,61.99,,,,,,,,,,,,,,,
1021,127,always on,11,2019,454066,3535 hours,1272,6,10,631,4,128.45,,,,,,,,,,,,,,,
1022,141,otakus adventure,11,2019,403777,858 hours,22487,26,187,561,1,470.6,,,,,,,,,,,,,,,
1023,151,the beast inside,11,2019,363851,8064 hours,17353,146,1718,506,11,45.12,,,,,,,,,,,,,,,
1024,153,poku00e9mon lets go pikachu,11,2019,355908,19486 hours,6057,106,2671,495,27,18.26,,,,,,,,,,,,,,,
1027,170,we were here together,11,2019,301553,5085 hours,29369,35,1162,419,7,59.3,,,,,,,,,,,,,,,
1028,173,mario sonic at the olympic games tokyo 2020,11,2019,297310,1654 hours,26435,26,432,413,2,179.75,,,,,,,,,,,,,,,
1029,175,just dance 2020,11,2019,293112,4185 hours,13054,39,830,407,5,70.04,,,,,,,,,,,,,,,
1030,178,code vein,11,2019,286287,27179 hours,23087,90,4118,398,37,10.53,,,,,,,,,,,,,,,
1032,192,microsoft flight simulator 10,11,2019,250804,14803 hours,1671,55,1031,348,20,16.94,,,,,,,,,,,,,,,
1034,194,metro sim hustle,11,2019,249521,44 hours,77676,4,20,347,0,5670.93,,,,,,,,,,,,,,,
1036,196,jikkyou powerful pro yakyuu 2018,11,2019,238670,196 hours,4643,3,21,331,0,1217.7,,,,,,,,,,,,,,,
1037,197,untitled goose game,11,2019,234923,3975 hours,14633,40,1618,326,5,59.1,,,,,,,,,,,,,,,
1038,198,heave ho,11,2019,234421,824 hours,35284,11,339,326,1,284.49,,,,,,,,,,,,,,,
1041,68,phoenix point,12,2019,1462113,19327 hours,37599,158,1720,1967,26,75.65,,,,,,,,,,,,,,,
1042,89,fifa online 4,12,2019,934434,3546 hours,60597,19,641,1257,4,263.52,,,,,,,,,,,,,,,
1043,97,planet zoo,12,2019,766707,25623 hours,16878,113,3655,1031,34,29.92,,,,,,,,,,,,,,,
1044,100,transport fever 2,12,2019,739280,16594 hours,26412,150,1680,994,22,44.55,,,,,,,,,,,,,,,
1046,118,darksiders genesis,12,2019,634741,15600 hours,25443,265,2514,854,20,40.69,,,,,,,,,,,,,,,
1047,124,mechwarrior 5 mercenaries,12,2019,588950,17977 hours,19401,162,1726,792,24,32.76,,,,,,,,,,,,,,,
1048,134,halo reach,12,2019,552985,46693 hours,18709,1026,12778,744,62,11.84,,,,,,,,,,,,,,,
1049,145,last year,12,2019,458011,10052 hours,33924,90,1672,616,13,45.56,,,,,,,,,,,,,,,
1050,151,need for speed heat,12,2019,413221,36089 hours,7267,161,6118,556,48,11.45,,,,,,,,,,,,,,,
1051,154,ea sports ufc 3,12,2019,404111,5272 hours,28447,29,2624,543,7,76.65,,,,,,,,,,,,,,,
1055,167,boneworks,12,2019,361796,13695 hours,22796,285,3444,486,18,26.42,,,,,,,,,,,,,,,
1056,173,luigis mansion 3,12,2019,330079,11969 hours,9090,45,1897,444,16,27.58,,,,,,,,,,,,,,,
1057,178,resident evil 3 nemesis,12,2019,319825,4793 hours,11698,26,813,430,6,66.73,,,,,,,,,,,,,,,
1058,179,monster rancher 2,12,2019,316595,186 hours,19189,4,21,426,0,1702.12,,,,,,,,,,,,,,,
1060,185,kingdom under fire 2,12,2019,302694,4100 hours,16205,25,382,407,5,73.83,,,,,,,,,,,,,,,
1062,189,board games,12,2019,292767,2728 hours,18505,18,490,394,3,107.32,,,,,,,,,,,,,,,
1063,191,twitch plays,12,2019,291124,13578 hours,14399,26,169,391,18,21.44,,,,,,,,,,,,,,,
1067,95,super metroid,1,2020,995983,8103 hours,232309,50,741,1340,10,122.92,,,,,,,,,,,,,,,
1071,130,poku00e9mon xy,1,2020,654702,933 hours,157620,10,201,881,1,701.72,,,,,,,,,,,,,,,
1072,132,grand theft auto 4,1,2020,630461,4127 hours,26228,17,768,848,5,152.76,,,,,,,,,,,,,,,
1073,134,kingdom hearts 3,1,2020,623830,37158 hours,7260,468,4336,839,50,16.79,,,,,,,,,,,,,,,
1074,149,fallout,1,2020,547171,781 hours,181041,10,162,736,1,700.6,,,,,,,,,,,,,,,
1076,151,the legend of zelda,1,2020,535382,2389 hours,162264,22,308,720,3,224.1,,,,,,,,,,,,,,,
1078,157,the legend of zelda skyward sword,1,2020,502656,2546 hours,167335,19,192,676,3,197.43,,,,,,,,,,,,,,,
1081,167,the legend of zelda links awakening,1,2020,430165,5954 hours,235605,29,946,578,8,72.25,,,,,,,,,,,,,,,
1082,169,donkey kong country 3 dixie kongs double trouble,1,2020,420597,743 hours,144511,8,133,566,1,566.08,,,,,,,,,,,,,,,
1084,171,romance of the three kingdoms14,1,2020,415378,2713 hours,9236,30,157,559,3,153.11,,,,,,,,,,,,,,,
1085,177,poku00e9mon rubysapphire,1,2020,393510,1498 hours,169805,16,237,529,2,262.69,,,,,,,,,,,,,,,
1086,180,super mario bros 3,1,2020,384028,2218 hours,181735,21,448,516,2,173.14,,,,,,,,,,,,,,,
1088,186,barbie and the magic of pegasus,1,2020,374932,224 hours,33560,8,77,504,0,1673.8,,,,,,,,,,,,,,,
1090,191,total war three kingdoms,1,2020,368287,6615 hours,8646,38,658,495,8,55.67,,,,,,,,,,,,,,,
1092,195,mario luigi superstar saga,1,2020,358689,260 hours,116350,11,55,482,0,1379.57,,,,,,,,,,,,,,,
1093,196,fire emblem three houses,1,2020,356950,12720 hours,131393,51,1327,480,17,28.06,,,,,,,,,,,,,,,
1095,198,control,1,2020,352953,9987 hours,155664,42,1886,475,13,35.34,,,,,,,,,,,,,,,
1096,200,some some convenience store,1,2020,342876,4683 hours,9903,63,800,461,6,73.22,,,,,,,,,,,,,,,
1097,69,stoneshard,2,2020,1332969,18681 hours,30833,120,3108,1917,26,71.35,,,,,,,,,,,,,,,
1098,71,temtem,2,2020,1228948,71085 hours,12324,389,10030,1768,102,17.29,,,,,,,,,,,,,,,
1099,80,dragon ball z kakarot,2,2020,1055787,81001 hours,15438,407,11893,1519,116,13.03,,,,,,,,,,,,,,,
1102,106,dreams,2,2020,761420,15707 hours,43582,95,2835,1095,22,48.48,,,,,,,,,,,,,,,
1103,107,trackmania 2 stadium,2,2020,760213,5746 hours,29774,50,876,1093,8,132.3,,,,,,,,,,,,,,,
1104,120,metro exodus,2,2020,662254,28541 hours,27136,202,4727,952,41,23.2,,,,,,,,,,,,,,,
1106,124,zombie army 4 dead war,2,2020,612082,16364 hours,27709,130,2297,880,23,37.4,,,,,,,,,,,,,,,
1107,130,twitch presents,2,2020,594710,265 hours,24107,7,6,855,0,2244.19,,,,,,,,,,,,,,,
1109,143,monster hunter world iceborne,2,2020,525508,91298 hours,4983,343,13491,756,131,5.76,,,,,,,,,,,,,,,
1110,144,arknights,2,2020,519577,17682 hours,6282,118,1661,747,25,29.38,,,,,,,,,,,,,,,
1111,145,the walking dead saints sinners,2,2020,515711,6693 hours,16314,41,1700,742,9,77.05,,,,,,,,,,,,,,,
1112,147,yakuza,2,2020,512330,6864 hours,8727,43,351,737,9,74.64,,,,,,,,,,,,,,,
1114,151,battlefield 5,2,2020,494211,52729 hours,40161,185,10483,711,75,9.37,,,,,,,,,,,,,,,
1116,168,auto chess,2,2020,430368,7051 hours,12837,26,559,619,10,61.04,,,,,,,,,,,,,,,
1117,170,gtfo,2,2020,423278,12573 hours,29885,74,3218,609,18,33.67,,,,,,,,,,,,,,,
1118,177,dreadout 2,2,2020,399008,1179 hours,31528,23,282,574,1,338.43,,,,,,,,,,,,,,,
1120,182,vintage story,2,2020,384564,1261 hours,25729,21,140,553,1,304.97,,,,,,,,,,,,,,,
1121,183,the legend of zelda the wind waker,2,2020,383339,4214 hours,3376,18,566,551,6,90.97,,,,,,,,,,,,,,,
1122,184,the suicide of rachel foster,2,2020,378256,3354 hours,25762,69,922,544,4,112.78,,,,,,,,,,,,,,,
1123,187,xcom 2 war of the chosen,2,2020,367766,6329 hours,6306,22,569,529,9,58.11,,,,,,,,,,,,,,,
1124,191,the pedestrian,2,2020,359607,1245 hours,25157,13,466,517,1,288.84,,,,,,,,,,,,,,,
1126,197,journey to the savage planet,2,2020,343540,10366 hours,25405,98,2173,494,14,33.14,,,,,,,,,,,,,,,
1128,67,twitch stream aid,3,2020,1667571,1282 hours,168180,92,336,2244,1,1300.76,,,,,,,,,,,,,,,
1129,69,stilt fella,3,2020,1632057,3037 hours,63244,19,776,2196,4,537.39,,,,,,,,,,,,,,,
1131,102,poku00e9mon mystery dungeon rescue team dx,3,2020,988580,39231 hours,16927,420,4416,1330,52,25.2,,,,,,,,,,,,,,,
1134,135,efootball pes 2020,3,2020,714366,24876 hours,18115,96,3770,961,33,28.72,,,,,,,,,,,,,,,
1137,152,yes your grace,3,2020,583076,3703 hours,37177,38,795,784,4,157.46,,,,,,,,,,,,,,,
1140,161,total lockdown,3,2020,531250,1157 hours,43182,48,216,715,1,459.16,,,,,,,,,,,,,,,
1141,171,dota underlords,3,2020,484057,17501 hours,10135,56,2372,651,23,27.66,,,,,,,,,,,,,,,
1143,179,anno 1800,3,2020,454124,14830 hours,20889,162,1955,611,19,30.62,,,,,,,,,,,,,,,
1145,65,drug dealer simulator,4,2020,2159568,29373 hours,60804,188,4863,3003,40,73.52,,,,,,,,,,,,,,,
1146,85,xcom chimera squad,4,2020,1501750,25568 hours,41604,476,3218,2088,35,58.74,,,,,,,,,,,,,,,
1147,89,deadside,4,2020,1382600,62758 hours,34454,433,6331,1922,87,22.03,,,,,,,,,,,,,,,
1149,136,predator hunting grounds,4,2020,768207,33595 hours,38593,564,4960,1068,46,22.87,,,,,,,,,,,,,,,
1151,161,resident evil resistance,4,2020,592809,16808 hours,20302,81,2168,824,23,35.27,,,,,,,,,,,,,,,
1153,171,mugen,4,2020,562888,3366 hours,3476,9,111,782,4,167.23,,,,,,,,,,,,,,,
1154,180,peggle 2,4,2020,544406,943 hours,19949,9,213,757,1,577.31,,,,,,,,,,,,,,,
1155,185,world war z,4,2020,515611,105727 hours,9061,764,21510,717,147,4.88,,,,,,,,,,,,,,,
1156,186,griftlands,4,2020,510792,1767 hours,22684,18,177,710,2,289.07,,,,,,,,,,,,,,,
1157,189,halflife alyx,4,2020,491862,27024 hours,23027,160,5320,684,37,18.2,,,,,,,,,,,,,,,
1158,191,ori and the will of the wisps,4,2020,482683,39712 hours,34927,150,5660,671,55,12.15,,,,,,,,,,,,,,,
1159,192,state of decay 2,4,2020,473014,20298 hours,10855,61,2452,657,28,23.3,,,,,,,,,,,,,,,
1161,200,fifa 17,4,2020,446780,5129 hours,3303,14,252,621,7,87.11,,,,,,,,,,,,,,,
1163,66,maneater,5,2020,2414797,49778 hours,111724,774,7754,3250,66,48.51,,,,,,,,,,,,,,,
1164,69,crucible,5,2020,2351433,62992 hours,122695,1371,13344,3164,84,37.33,,,,,,,,,,,,,,,
1166,112,gears tactics,5,2020,1247066,29411 hours,29441,183,3210,1678,39,42.4,,,,,,,,,,,,,,,
1167,114,last oasis,5,2020,1180995,44382 hours,8458,154,2059,1589,59,26.61,,,,,,,,,,,,,,,
1169,130,trials of mana,5,2020,1044061,37291 hours,32254,169,2734,1405,50,28.0,,,,,,,,,,,,,,,
1170,131,resident evil 3,5,2020,1026093,47215 hours,12265,161,7102,1381,63,21.73,,,,,,,,,,,,,,,
1172,146,streets of rage 4,5,2020,904921,57127 hours,33308,709,10170,1217,76,15.84,,,,,,,,,,,,,,,
1176,181,warface breakout,5,2020,646929,9487 hours,52685,193,1699,870,12,68.19,,,,,,,,,,,,,,,
1178,185,the jackbox party pack 6,5,2020,604798,35031 hours,34752,279,8782,813,47,17.26,,,,,,,,,,,,,,,
1182,199,granblue fantasy versus,5,2020,531656,15005 hours,8273,62,1941,715,20,35.43,,,,,,,,,,,,,,,
1183,64,f1 2019,6,2020,2253944,42858 hours,106783,260,8466,3134,59,52.59,,,,,,,,,,,,,,,
1184,72,minecraft dungeons,6,2020,2085908,212968 hours,33762,1460,36229,2901,296,9.79,,,,,,,,,,,,,,,
1185,79,monster train,6,2020,1925453,22868 hours,13524,112,2390,2677,31,84.2,,,,,,,,,,,,,,,
1186,81,poly bridge 2,6,2020,1869276,11014 hours,58914,54,2344,2599,15,169.72,,,,,,,,,,,,,,,
1187,104,ncaa football 14,6,2020,1177094,4878 hours,141739,28,277,1637,6,241.31,,,,,,,,,,,,,,,
1188,106,command conquer collection,6,2020,1159268,34494 hours,36957,1006,4635,1612,47,33.61,,,,,,,,,,,,,,,
1189,118,phantasy star online 2,6,2020,1018930,87987 hours,12326,414,6708,1417,122,11.58,,,,,,,,,,,,,,,
1190,126,desperados 3,6,2020,900772,14561 hours,23242,210,1862,1252,20,61.86,,,,,,,,,,,,,,,
1191,159,xenoblade chronicles,6,2020,653284,55856 hours,9083,239,3026,908,77,11.7,,,,,,,,,,,,,,,
1196,199,barn finders,6,2020,480523,5631 hours,34790,85,934,668,7,85.34,,,,,,,,,,,,,,,
1197,200,shadow arena,6,2020,480029,7033 hours,21156,26,742,667,9,68.25,,,,,,,,,,,,,,,
1198,65,ebaseball powerful pro yakyu016b 2020,7,2020,2714108,8519 hours,23142,53,459,3652,11,318.59,,,,,,,,,,,,,,,
1201,118,carrion,7,2020,1147402,20797 hours,62570,350,4965,1544,27,55.17,,,,,,,,,,,,,,,
1202,123,destroy all humans,7,2020,1103461,23974 hours,91539,642,5565,1485,32,46.03,,,,,,,,,,,,,,,
1204,140,neon abyss,7,2020,896701,27378 hours,15236,198,4420,1206,36,32.75,,,,,,,,,,,,,,,
1206,157,persona 4 golden,7,2020,762984,60013 hours,10018,176,4343,1026,80,12.71,,,,,,,,,,,,,,,
1207,162,gunfire reborn,7,2020,716941,28386 hours,15382,89,4314,964,38,25.26,,,,,,,,,,,,,,,
1208,163,summer game fest,7,2020,716674,878 hours,415333,377,442,964,1,816.26,,,,,,,,,,,,,,,
1209,164,rocket arena,7,2020,716414,18463 hours,147718,192,3323,964,24,38.8,,,,,,,,,,,,,,,
1210,168,nier automata,7,2020,699565,14509 hours,28614,40,2407,941,19,48.22,,,,,,,,,,,,,,,
1211,177,poku00e9mon emerald,7,2020,628374,12582 hours,20847,44,1814,845,16,49.94,,,,,,,,,,,,,,,
1212,182,yakuza 5,7,2020,597611,2156 hours,14254,12,153,804,2,277.19,,,,,,,,,,,,,,,
1213,185,spongebob squarepants battle for bikini bottom rehydrated,7,2020,578983,26575 hours,33077,191,6542,779,35,21.79,,,,,,,,,,,,,,,
1214,186,king of crabs,7,2020,573802,3209 hours,68536,23,1231,772,4,178.81,,,,,,,,,,,,,,,
1216,194,sword art online alicization lycoris,7,2020,544778,32811 hours,14039,233,3560,733,44,16.6,,,,,,,,,,,,,,,
1217,195,mobile legends bang bang,7,2020,541236,33625 hours,106209,75,2375,728,45,16.1,,,,,,,,,,,,,,,
1218,196,persona 5 royal,7,2020,540891,37132 hours,3551,119,2330,727,49,14.57,,,,,,,,,,,,,,,
1219,198,ragnarok online,7,2020,524443,31355 hours,2884,77,1373,705,42,16.73,,,,,,,,,,,,,,,
1220,200,kingdom of the winds,7,2020,523740,5109 hours,19219,39,315,704,6,102.51,,,,,,,,,,,,,,,
1221,52,mortal shell,8,2020,3911517,67617 hours,138779,872,9007,5264,91,57.85,,,,,,,,,,,,,,,
1222,63,scrutinized,8,2020,2813543,10111 hours,86338,59,1903,3786,13,278.27,,,,,,,,,,,,,,,
1223,72,ea sports ufc 4,8,2020,2253610,23368 hours,67130,191,5400,3033,31,96.44,,,,,,,,,,,,,,,
1224,84,remnant from the ashes,8,2020,1855656,205711 hours,52768,976,27987,2497,276,9.02,,,,,,,,,,,,,,,
1225,111,spiritfarer,8,2020,1172797,22997 hours,39948,145,3824,1578,30,51.0,,,,,,,,,,,,,,,
1226,116,undermine,8,2020,1094145,18332 hours,48576,77,2517,1472,24,59.68,,,,,,,,,,,,,,,
1227,117,paper mario the origami king,8,2020,1093993,38906 hours,13259,209,4017,1472,52,28.12,,,,,,,,,,,,,,,
1228,123,a total war saga troy,8,2020,1019391,23357 hours,54218,415,3543,1371,31,43.64,,,,,,,,,,,,,,,
1229,129,hellpoint,8,2020,973262,20878 hours,46559,133,2475,1309,28,46.62,,,,,,,,,,,,,,,
1231,154,there is no game wrong dimension,8,2020,781567,3347 hours,40697,28,778,1051,4,233.51,,,,,,,,,,,,,,,
1232,157,final fantasy vii remake,8,2020,728497,45514 hours,83031,116,4175,980,61,16.01,,,,,,,,,,,,,,,
1233,166,nhl 20,8,2020,687199,21562 hours,42208,105,5572,924,29,31.87,,,,,,,,,,,,,,,
1234,170,madden nfl 20,8,2020,669908,138319 hours,28360,693,18852,901,186,4.84,,,,,,,,,,,,,,,
1235,175,death stranding,8,2020,616310,49301 hours,18318,194,4561,829,66,12.5,,,,,,,,,,,,,,,
1237,186,the last of us,8,2020,570870,34631 hours,87300,105,1952,768,46,16.48,,,,,,,,,,,,,,,
1239,194,fategrand order,8,2020,522629,18947 hours,12064,103,1680,703,25,27.58,,,,,,,,,,,,,,,
1240,195,europa universalis 4,8,2020,518345,13757 hours,5298,47,924,697,18,37.68,,,,,,,,,,,,,,,
1241,198,the seven deadly sins grand cross,8,2020,497988,17182 hours,3760,61,1064,670,23,28.98,,,,,,,,,,,,,,,
1243,30,marvels avengers,9,2020,7179349,402903 hours,200219,2451,34343,9985,560,17.82,,,,,,,,,,,,,,,
1244,50,tony hawks pro skater 12,9,2020,4289585,92676 hours,130743,1122,23818,5966,128,46.29,,,,,,,,,,,,,,,
1245,70,super mario 3d allstars,9,2020,2365224,81457 hours,45152,1571,14467,3289,113,29.04,,,,,,,,,,,,,,,
1247,91,cricket,9,2020,1517547,1258 hours,187320,36,603,2110,1,1206.32,,,,,,,,,,,,,,,
1248,93,new world,9,2020,1501902,39411 hours,56104,871,5610,2088,54,38.11,,,,,,,,,,,,,,,
1249,105,streamer life simulator,9,2020,1263839,8390 hours,82806,42,2128,1757,11,150.64,,,,,,,,,,,,,,,
1250,106,heroes of might and magic iii the shadow of death,9,2020,1246055,9256 hours,11990,41,460,1733,12,134.62,,,,,,,,,,,,,,,
1251,108,lineage ii the chaotic throne the 1st throne the kamael,9,2020,1239481,55296 hours,10142,159,1694,1723,76,22.42,,,,,,,,,,,,,,,
1253,112,night of the dead,9,2020,1207949,26307 hours,26944,130,2660,1680,36,45.92,,,,,,,,,,,,,,,
1254,120,horizon zero dawn,9,2020,1065842,73088 hours,28207,228,7423,1482,101,14.58,,,,,,,,,,,,,,,
1255,127,wasteland 3,9,2020,986946,44986 hours,48925,234,3900,1372,62,21.94,,,,,,,,,,,,,,,
1256,130,football manager 2020,9,2020,929656,34294 hours,13942,131,3313,1292,47,27.11,,,,,,,,,,,,,,,
1259,146,pga tour 2k21,9,2020,764256,43806 hours,19964,274,5633,1062,60,17.45,,,,,,,,,,,,,,,
1260,149,diabotical,9,2020,757198,31931 hours,31703,172,3929,1053,44,23.71,,,,,,,,,,,,,,,
1261,153,nba 2k20,9,2020,742755,133054 hours,11841,1079,18054,1033,185,5.58,,,,,,,,,,,,,,,
1262,156,craftopia,9,2020,728696,41239 hours,29912,416,6014,1013,57,17.67,,,,,,,,,,,,,,,
1263,162,bpm bullets per minute,9,2020,708614,13026 hours,68600,150,3276,985,18,54.4,,,,,,,,,,,,,,,
1264,167,diablo ii lord of destruction,9,2020,674327,18762 hours,5999,60,1131,937,26,35.94,,,,,,,,,,,,,,,
1265,168,captain tsubasa rise of new champions,9,2020,658249,18378 hours,61513,131,2648,915,25,35.82,,,,,,,,,,,,,,,
1266,171,hyper scape,9,2020,639197,60572 hours,11721,225,8722,889,84,10.55,,,,,,,,,,,,,,,
1267,173,saint seiya awakening,9,2020,635709,10147 hours,8097,65,636,884,14,62.65,,,,,,,,,,,,,,,
1268,174,agrou,9,2020,634832,2190 hours,31575,34,516,882,3,289.88,,,,,,,,,,,,,,,
1269,175,tell me why,9,2020,628808,41836 hours,40479,366,6499,874,58,15.03,,,,,,,,,,,,,,,
1270,181,surgeon simulator 2,9,2020,603659,2828 hours,48957,31,1024,839,3,213.46,,,,,,,,,,,,,,,
1272,186,serious sam 4,9,2020,580536,12029 hours,52457,336,2061,807,16,48.26,,,,,,,,,,,,,,,
1274,188,the long drive,9,2020,566608,1990 hours,53973,14,394,788,2,284.73,,,,,,,,,,,,,,,
1275,189,last day on earth survival,9,2020,545327,5501 hours,111059,25,335,758,7,99.13,,,,,,,,,,,,,,,
1276,194,grounded,9,2020,537118,35463 hours,25342,169,6648,747,49,15.15,,,,,,,,,,,,,,,
1277,195,the last of us part 2,9,2020,536782,37757 hours,4036,135,6833,746,52,14.22,,,,,,,,,,,,,,,
1278,196,pro gymnast,9,2020,534813,432 hours,53484,6,160,743,0,1237.99,,,,,,,,,,,,,,,
1279,36,baldurs gate 3,10,2020,5952175,127224 hours,188863,1489,13857,8011,171,46.79,,,,,,,,,,,,,,,
1280,50,amnesia rebirth,10,2020,3963640,63754 hours,244510,1122,11206,5334,85,62.17,,,,,,,,,,,,,,,
1281,58,crash bandicoot 4 its about time,10,2020,3466522,63853 hours,103494,588,10867,4665,85,54.29,,,,,,,,,,,,,,,
1282,65,party animals,10,2020,3096207,41516 hours,113621,685,15665,4167,55,74.58,,,,,,,,,,,,,,,
1283,71,star wars squadrons,10,2020,2561464,102145 hours,139205,1656,20733,3447,137,25.08,,,,,,,,,,,,,,,
1284,88,super mario bros 35,10,2020,1660830,28996 hours,29769,299,6903,2235,39,57.28,,,,,,,,,,,,,,,
1288,138,crusader kings 3,10,2020,902347,31995 hours,31883,135,2995,1214,43,28.2,,,,,,,,,,,,,,,
1290,157,super mario sunshine,10,2020,781403,25690 hours,18510,125,4163,1051,34,30.42,,,,,,,,,,,,,,,
1291,167,fifa 20,10,2020,725683,66923 hours,25844,316,12908,976,90,10.84,,,,,,,,,,,,,,,
1292,175,medieval dynasty,10,2020,687227,28996 hours,20248,162,2619,924,39,23.7,,,,,,,,,,,,,,,
1293,176,sign of silence,10,2020,683145,5627 hours,43542,36,2251,919,7,121.4,,,,,,,,,,,,,,,
1296,184,murder house,10,2020,607620,1855 hours,53311,29,655,817,2,327.56,,,,,,,,,,,,,,,
1298,186,the survivalists,10,2020,592542,13441 hours,42620,176,2481,797,18,44.08,,,,,,,,,,,,,,,
1299,191,mlb the show 20,10,2020,569496,18257 hours,17363,88,2988,766,24,31.19,,,,,,,,,,,,,,,
1300,192,remothered broken porcelain,10,2020,568626,4051 hours,53086,79,891,765,5,140.37,,,,,,,,,,,,,,,
1301,194,song of horror,10,2020,561582,5646 hours,21809,49,774,755,7,99.47,,,,,,,,,,,,,,,
1302,196,torchlight 3,10,2020,545420,13305 hours,53172,114,1395,734,17,40.99,,,,,,,,,,,,,,,
1303,198,second extinction,10,2020,532011,8495 hours,51213,112,1773,716,11,62.63,,,,,,,,,,,,,,,
1305,57,the dark pictures anthology little hope,11,2020,3381721,89057 hours,93870,1669,18623,4703,123,37.97,,,,,,,,,,,,,,,
1306,64,godfall,11,2020,2750024,66186 hours,96913,751,8646,3824,92,41.55,,,,,,,,,,,,,,,
1307,69,watch dogs legion,11,2020,2537863,148048 hours,50593,1059,20048,3529,205,17.14,,,,,,,,,,,,,,,
1308,74,glitchcon,11,2020,2311134,1392 hours,242333,140,456,3214,1,1660.3,,,,,,,,,,,,,,,
1309,84,teardown,11,2020,1966486,14577 hours,53899,79,3463,2735,20,134.9,,,,,,,,,,,,,,,
1310,91,bugsnax,11,2020,1779642,25438 hours,55167,231,5013,2475,35,69.96,,,,,,,,,,,,,,,
1311,110,in silence,11,2020,1263730,24761 hours,110530,299,8908,1757,34,51.04,,,,,,,,,,,,,,,
1312,117,sakuna of rice and ruin,11,2020,1199711,28624 hours,24646,170,2221,1668,39,41.91,,,,,,,,,,,,,,,
1313,118,hyrule warriors age of calamity,11,2020,1199625,63146 hours,31895,844,7535,1668,87,19.0,,,,,,,,,,,,,,,
1314,121,astros playroom,11,2020,1166665,18620 hours,85069,264,6303,1622,25,62.66,,,,,,,,,,,,,,,
1315,135,blazing sails,11,2020,995524,6478 hours,33145,41,1286,1384,9,153.68,,,,,,,,,,,,,,,
1316,152,noita,11,2020,858867,20665 hours,19222,59,2681,1194,28,41.56,,,,,,,,,,,,,,,
1317,155,korean baseball league,11,2020,810420,1464 hours,38731,21,2,1127,2,553.57,,,,,,,,,,,,,,,
1318,160,quiplash 2 interlashional,11,2020,764299,712 hours,136117,26,308,1063,0,1073.45,,,,,,,,,,,,,,,
1319,164,firefighting simulator,11,2020,734113,6260 hours,53385,77,1514,1021,8,117.27,,,,,,,,,,,,,,,
1320,170,until dawn,11,2020,700935,6317 hours,91431,118,2430,974,8,110.96,,,,,,,,,,,,,,,
1321,174,borderlands 3,11,2020,683268,56902 hours,13216,171,6740,950,79,12.01,,,,,,,,,,,,,,,
1323,176,ghost of tsushima,11,2020,682428,119999 hours,18005,416,11963,949,166,5.69,,,,,,,,,,,,,,,
1324,178,ghostrunner,11,2020,671474,34214 hours,22853,203,8024,933,47,19.63,,,,,,,,,,,,,,,
1325,182,penn tellers smoke and mirrors,11,2020,659943,185 hours,6033,2,5,917,0,3567.26,,,,,,,,,,,,,,,
1328,191,five dates,11,2020,591292,2411 hours,44089,36,984,822,3,245.25,,,,,,,,,,,,,,,
1330,49,immortals fenyx rising,12,2020,3896212,82480 hours,96012,696,8385,5243,111,47.24,,,,,,,,,,,,,,,
1331,66,aim gods,12,2020,2919980,18495 hours,108965,576,3704,3929,24,157.88,,,,,,,,,,,,,,,
1332,75,back 4 blood,12,2020,2410362,23282 hours,155656,1310,6390,3244,31,103.53,,,,,,,,,,,,,,,
1333,94,spellbreak,12,2020,1667843,41936 hours,78725,212,7972,2244,56,39.77,,,,,,,,,,,,,,,
1335,115,who wants to be a millionaire,12,2020,1321193,682 hours,90542,10,343,1778,0,1937.23,,,,,,,,,,,,,,,
1336,125,dragon quest xi echoes of an elusive age,12,2020,1138629,29845 hours,21378,102,2898,1532,40,38.15,,,,,,,,,,,,,,,
1337,138,marvels spiderman miles morales,12,2020,1003401,91720 hours,68126,320,13914,1350,123,10.94,,,,,,,,,,,,,,,
1338,146,twitch sings,12,2020,922521,43681 hours,20776,417,8557,1241,58,21.12,,,,,,,,,,,,,,,
1340,167,clubhouse games 51 worldwide classics,12,2020,751877,911 hours,83717,7,318,1011,1,825.33,,,,,,,,,,,,,,,
1341,174,slam dunk,12,2020,722728,8365 hours,7264,32,400,972,11,86.4,,,,,,,,,,,,,,,
1342,178,barbie horse adventures wild horse rescue,12,2020,687036,6467 hours,4377,33,384,924,8,106.24,,,,,,,,,,,,,,,
1345,186,snowrunner,12,2020,586783,39137 hours,20398,127,3670,789,52,14.99,,,,,,,,,,,,,,,
1346,191,kartrider,12,2020,546018,21389 hours,7399,88,2169,734,28,25.53,,,,,,,,,,,,,,,
1347,192,a way out,12,2020,544924,23367 hours,51334,91,4762,733,31,23.32,,,,,,,,,,,,,,,
1350,198,call of the sea,12,2020,515643,8380 hours,45252,104,1806,694,11,61.53,,,,,,,,,,,,,,,
1351,199,fallout 76,12,2020,515422,79420 hours,3226,201,6147,693,106,6.49,,,,,,,,,,,,,,,
1352,200,lineage the blood pledge,12,2020,513380,12613 hours,5460,24,43,690,16,40.7,,,,,,,,,,,,,,,
1353,130,at dead of night,1,2021,1156218,6388 hours,29550,36,1285,1556,8,181.0,,,,,,,,,,,,,,,
1354,134,codenames,1,2021,1134298,5888 hours,39371,65,1665,1526,7,192.65,,,,,,,,,,,,,,,
1358,164,the legend of zelda a link to the past,1,2021,788588,34807 hours,161641,136,2352,1061,46,22.66,,,,,,,,,,,,,,,
1361,176,politics,1,2021,711322,17409 hours,71212,159,1151,957,23,40.86,,,,,,,,,,,,,,,
1364,185,microsoft flight simulator,1,2021,648000,49575 hours,8605,157,4269,872,66,13.07,,,,,,,,,,,,,,,
1365,187,guild wars 2,1,2021,638209,46233 hours,4430,142,3115,858,62,13.8,,,,,,,,,,,,,,,
1366,190,nhl 21,1,2021,584524,37159 hours,4120,164,9031,786,50,15.73,,,,,,,,,,,,,,,
1367,191,poku00e9mon heartgoldsoulsilver,1,2021,584348,24796 hours,12516,81,3080,786,33,23.57,,,,,,,,,,,,,,,
1368,192,call of duty black ops 4,1,2021,583699,107151 hours,51225,263,8204,785,144,5.45,,,,,,,,,,,,,,,
1369,193,mount blade ii bannerlord,1,2021,582576,18957 hours,24455,54,1909,784,25,30.73,,,,,,,,,,,,,,,
1370,195,star wars jedi fallen order,1,2021,577685,51107 hours,98543,143,12200,777,68,11.3,,,,,,,,,,,,,,,
1371,196,blackjack,1,2021,577065,3940 hours,21362,18,605,776,5,146.46,,,,,,,,,,,,,,,
1372,198,jump king,1,2021,567431,8095 hours,22997,24,1692,763,10,70.1,,,,,,,,,,,,,,,
1374,83,guilty gear strive,2,2021,2111522,25807 hours,38819,793,3810,3146,38,81.82,,,,,,,,,,,,,,,
1375,87,super seducer 3,2,2021,1918945,888 hours,92539,11,206,2859,1,2160.97,,,,,,,,,,,,,,,
1376,97,nioh 2,2,2021,1681122,63816 hours,21018,329,4777,2505,95,26.34,,,,,,,,,,,,,,,
1377,121,hitman 3,2,2021,1229151,41294 hours,29820,225,6496,1831,61,29.77,,,,,,,,,,,,,,,
1379,138,super mario 3d world,2,2021,1040698,25884 hours,22392,327,4925,1550,38,40.21,,,,,,,,,,,,,,,
1380,142,star wars battlefront 2,2,2021,1012025,105369 hours,9949,398,28088,1508,157,9.6,,,,,,,,,,,,,,,
1381,144,skribblio,2,2021,995394,26376 hours,103072,160,12696,1483,39,37.74,,,,,,,,,,,,,,,
1383,149,dyson sphere program,2,2021,979492,44594 hours,11842,171,3376,1459,66,21.96,,,,,,,,,,,,,,,
1385,157,cookie run kingdom,2,2021,897874,11023 hours,24030,52,1739,1338,16,81.45,,,,,,,,,,,,,,,
1386,160,the medium,2,2021,880541,65325 hours,61807,627,13002,1312,97,13.48,,,,,,,,,,,,,,,
1387,162,destruction allstars,2,2021,844773,9825 hours,32573,209,6343,1258,14,85.98,,,,,,,,,,,,,,,
1388,164,mad games tycoon 2,2,2021,823687,2441 hours,27159,23,361,1227,3,337.44,,,,,,,,,,,,,,,
1390,172,the legend of zelda majoras mask,2,2021,774681,13946 hours,22579,56,1377,1154,20,55.55,,,,,,,,,,,,,,,
1391,177,poku00e9mon fireredleafgreen,2,2021,741001,28208 hours,5383,109,3866,1104,42,26.27,,,,,,,,,,,,,,,
1392,178,stream raiders,2,2021,739511,35432 hours,7677,136,1552,1102,52,20.87,,,,,,,,,,,,,,,
1396,191,assassins creed valhalla,2,2021,636057,145268 hours,8635,435,14486,947,216,4.38,,,,,,,,,,,,,,,
1398,195,the binding of isaac afterbirth,2,2021,621511,33168 hours,16941,103,5256,926,49,18.74,,,,,,,,,,,,,,,
1400,199,skul the hero slayer,2,2021,613499,30246 hours,15343,166,4754,914,45,20.28,,,,,,,,,,,,,,,
1401,45,loop hero,3,2021,6219389,96115 hours,62410,483,12397,8370,129,64.71,,,,,,,,,,,,,,,
1402,84,diablo 2,3,2021,2489718,67300 hours,26418,353,3466,3350,90,36.99,,,,,,,,,,,,,,,
1403,95,duplicate sleepers,3,2021,2148016,2782 hours,62500,38,264,2891,3,772.11,,,,,,,,,,,,,,,
1404,100,suspects mystery mansion,3,2021,1956135,3486 hours,62685,32,691,2632,4,561.14,,,,,,,,,,,,,,,
1405,103,teamfight manager,3,2021,1934496,11954 hours,61407,125,1658,2603,16,161.83,,,,,,,,,,,,,,,
1407,113,magic legends,3,2021,1689148,34823 hours,92059,1149,7243,2273,46,48.51,,,,,,,,,,,,,,,
1409,119,the movies,3,2021,1628665,37586 hours,49930,108,2121,2192,50,43.33,,,,,,,,,,,,,,,
1411,124,doom eternal,3,2021,1548785,77391 hours,31258,644,11917,2084,104,20.01,,,,,,,,,,,,,,,
1412,130,yakuza like a dragon,3,2021,1458903,29970 hours,36820,80,2139,1963,40,48.68,,,,,,,,,,,,,,,
1414,136,demons souls,3,2021,1375835,55098 hours,23420,163,6379,1851,74,24.97,,,,,,,,,,,,,,,
1418,151,super mario 3d world bowsers fury,3,2021,1132715,40261 hours,33143,220,7280,1524,54,28.13,,,,,,,,,,,,,,,
1419,153,spelunky 2,3,2021,1122100,16069 hours,8340,48,1659,1510,21,69.83,,,,,,,,,,,,,,,
1421,158,betrayalio,3,2021,1101205,5226 hours,136474,76,2459,1482,7,210.72,,,,,,,,,,,,,,,
1422,161,super mario odyssey,3,2021,1083832,21114 hours,62915,105,2519,1458,28,51.33,,,,,,,,,,,,,,,
1423,167,ranch simulator,3,2021,1025525,13182 hours,49322,138,2415,1380,17,77.8,,,,,,,,,,,,,,,
1424,169,nioh 2,3,2021,1019923,50323 hours,14476,127,3482,1372,67,20.27,,,,,,,,,,,,,,,
1425,171,curse of the dead gods,3,2021,1001366,18244 hours,21243,93,2630,1347,24,54.89,,,,,,,,,,,,,,,
1427,178,royal crown,3,2021,924138,12254 hours,25593,56,965,1243,16,75.42,,,,,,,,,,,,,,,
1429,181,hearts of iron 4,3,2021,903931,18433 hours,15509,77,1917,1216,24,49.04,,,,,,,,,,,,,,,
1430,183,rhythm doctor,3,2021,877177,8941 hours,25107,79,2906,1180,12,98.11,,,,,,,,,,,,,,,
1431,187,ghosts n goblins resurrection,3,2021,826360,5950 hours,11473,28,692,1112,8,138.88,,,,,,,,,,,,,,,
1432,188,persona 5 strikers,3,2021,825510,67831 hours,14734,319,5713,1111,91,12.17,,,,,,,,,,,,,,,
1435,195,stocks and bonds,3,2021,799894,16734 hours,6748,80,451,1076,22,47.8,,,,,,,,,,,,,,,
1437,199,the legend of zelda ocarina of time,3,2021,776888,44938 hours,7995,155,3882,1045,60,17.29,,,,,,,,,,,,,,,
1438,1,just chatting,4,2021,289547911,3544601 hours,937749,8026,474257,402709,4929,81.69,,,,,,,,,,,,,,,
1440,3,league of legends,4,2021,156994170,3592720 hours,906631,8333,260952,218350,4996,43.7,,,,,,,,,,,,,,,
1441,4,call of duty warzone,4,2021,100571607,3596411 hours,1629284,22437,218805,139877,5001,27.96,,,,,,,,,,,,,,,
1442,5,fortnite,4,2021,94112337,5810309 hours,498791,17790,588089,130893,8081,16.2,,,,,,,,,,,,,,,
1443,6,valorant,4,2021,85635830,3435109 hours,440084,8565,306540,119104,4777,24.93,,,,,,,,,,,,,,,
1444,7,minecraft,4,2021,79728626,3112654 hours,749947,8863,405918,110888,4329,25.61,,,,,,,,,,,,,,,
1446,9,apex legends,4,2021,51425055,3688671 hours,171721,8110,297846,71523,5130,13.94,,,,,,,,,,,,,,,
1448,11,fifa 21,4,2021,31997488,857058 hours,270504,4078,99006,44502,1192,37.33,,,,,,,,,,,,,,,
1449,12,world of warcraft,4,2021,28935795,1174589 hours,155795,4942,61988,40244,1633,24.63,,,,,,,,,,,,,,,
1452,15,music,4,2021,24139407,1008771 hours,91269,2807,58338,33573,1403,23.93,,,,,,,,,,,,,,,
1453,16,hearthstone,4,2021,23090076,205813 hours,81936,544,16526,32114,286,112.19,,,,,,,,,,,,,,,
1454,17,slots,4,2021,21953615,120067 hours,181881,277,5177,30533,166,182.84,,,,,,,,,,,,,,,
1456,19,escape from tarkov,4,2021,20719917,825726 hours,159513,1942,39253,28817,1148,25.09,,,,,,,,,,,,,,,
1460,23,the binding of isaac repentance,4,2021,16426825,204533 hours,70537,639,21305,22846,284,80.31,,,,,,,,,,,,,,,
1461,24,teamfight tactics,4,2021,15006825,308819 hours,106508,1703,36550,20871,429,48.59,,,,,,,,,,,,,,,
1462,25,outriders,4,2021,14269489,892952 hours,178993,6539,68168,19846,1241,15.98,,,,,,,,,,,,,,,
1463,26,it takes two,4,2021,13667970,289118 hours,227571,1072,41757,19009,402,47.27,,,,,,,,,,,,,,,
1465,28,garena free fire,4,2021,12780318,341718 hours,137321,1005,29999,17775,475,37.4,,,,,,,,,,,,,,,
1467,30,overwatch,4,2021,12239978,803047 hours,71596,2220,84414,17023,1116,15.24,,,,,,,,,,,,,,,
1469,32,sports,4,2021,10905975,87708 hours,204973,417,11327,15168,121,124.34,,,,,,,,,,,,,,,
1470,33,art,4,2021,10387215,648055 hours,50245,1435,63925,14446,901,16.03,,,,,,,,,,,,,,,
1471,34,sea of thieves,4,2021,10301651,449242 hours,141852,1578,45956,14327,624,22.93,,,,,,,,,,,,,,,
1472,35,genshin impact,4,2021,9536061,499932 hours,85750,2602,53069,13262,695,19.07,,,,,,,,,,,,,,,
1473,36,enlisted,4,2021,9397942,162294 hours,477606,1221,26446,13070,225,57.91,,,,,,,,,,,,,,,
1474,37,poker,4,2021,8819940,93009 hours,59393,360,5024,12266,129,94.83,,,,,,,,,,,,,,,
1475,38,lost ark,4,2021,8221297,124392 hours,75582,513,4774,11434,173,66.09,,,,,,,,,,,,,,,
1476,39,asmr,4,2021,8153098,107913 hours,27014,211,5323,11339,150,75.55,,,,,,,,,,,,,,,
1477,40,monster hunter rise,4,2021,7567644,430358 hours,53394,1736,27321,10525,598,17.58,,,,,,,,,,,,,,,
1478,41,talk shows podcasts,4,2021,7560003,197650 hours,97527,703,18751,10514,274,38.25,,,,,,,,,,,,,,,
1479,42,call of duty black ops cold war,4,2021,6963112,1043351 hours,66989,4060,121427,9684,1451,6.67,,,,,,,,,,,,,,,
1480,43,destiny 2,4,2021,6615780,551326 hours,33739,1734,41859,9201,766,12.0,,,,,,,,,,,,,,,
1481,44,nba 2k21,4,2021,6326716,623787 hours,48763,1944,61785,8799,867,10.14,,,,,,,,,,,,,,,
1483,46,magic the gathering,4,2021,5816455,109662 hours,40792,488,9254,8089,152,53.04,,,,,,,,,,,,,,,
1484,47,diablo ii resurrected,4,2021,5306890,11109 hours,403137,203,1775,7380,15,477.71,,,,,,,,,,,,,,,
1485,48,world of tanks,4,2021,5271236,160272 hours,33934,519,9720,7331,222,32.89,,,,,,,,,,,,,,,
1487,50,league of legends wild rift,4,2021,4646016,175409 hours,53444,685,15629,6461,243,26.49,,,,,,,,,,,,,,,
1489,52,old school runescape,4,2021,4429010,124172 hours,16226,272,6620,6159,172,35.67,,,,,,,,,,,,,,,
1490,53,diablo 3,4,2021,4331609,179334 hours,50930,1605,15191,6024,249,24.15,,,,,,,,,,,,,,,
1491,54,fall guys ultimate knockout,4,2021,4202706,220895 hours,118811,702,49275,5845,307,19.03,,,,,,,,,,,,,,,
1493,56,travel outdoors,4,2021,3937995,96010 hours,121461,187,4229,5477,133,41.02,,,,,,,,,,,,,,,
1494,57,retro,4,2021,3913550,170587 hours,13775,376,11446,5443,237,22.94,,,,,,,,,,,,,,,
1496,59,gartic phone,4,2021,3897616,85087 hours,78397,449,32600,5420,118,45.81,,,,,,,,,,,,,,,
1497,60,poku00e9mon swordshield,4,2021,3885515,148127 hours,37644,367,12341,5404,206,26.23,,,,,,,,,,,,,,,
1498,61,dungeons dragons,4,2021,3779877,97477 hours,87295,493,9407,5257,135,38.78,,,,,,,,,,,,,,,
1499,62,valheim,4,2021,3725719,336813 hours,31020,1133,31305,5181,468,11.06,,,,,,,,,,,,,,,
1500,63,phasmophobia,4,2021,3722731,348415 hours,112098,1213,68338,5177,484,10.68,,,,,,,,,,,,,,,
1501,64,nier replicant ver122474487139,4,2021,3699112,150605 hours,64809,2260,13516,5144,209,24.56,,,,,,,,,,,,,,,
1503,66,age of empires 2,4,2021,3618472,56230 hours,52743,171,4924,5032,78,64.35,,,,,,,,,,,,,,,
1504,67,science technology,4,2021,3600996,205700 hours,140493,450,10183,5008,286,17.51,,,,,,,,,,,,,,,
1506,69,tibia,4,2021,3434432,176694 hours,9733,461,6386,4776,245,19.44,,,,,,,,,,,,,,,
1508,71,starcraft 2,4,2021,3296403,60954 hours,16518,136,4671,4584,84,54.08,,,,,,,,,,,,,,,
1509,72,food drink,4,2021,3235760,45020 hours,110854,135,8232,4500,62,71.87,,,,,,,,,,,,,,,
1510,73,mario kart 8,4,2021,3075327,52223 hours,102474,271,9756,4277,72,58.89,,,,,,,,,,,,,,,
1512,75,mlb the show 21,4,2021,2972650,135263 hours,40946,2008,15078,4134,188,21.98,,,,,,,,,,,,,,,
1513,76,returnal,4,2021,2929388,21770 hours,173372,1469,4446,4074,30,134.56,,,,,,,,,,,,,,,
1514,77,roblox,4,2021,2923823,366646 hours,216339,1009,61361,4066,509,7.97,,,,,,,,,,,,,,,
1515,78,heroes of might and magic iii the restoration of erathia,4,2021,2890400,21032 hours,16431,70,771,4020,29,137.43,,,,,,,,,,,,,,,
1516,79,clash royale,4,2021,2813950,38066 hours,56309,98,5036,3913,52,73.92,,,,,,,,,,,,,,,
1517,80,animal crossing new horizons,4,2021,2770857,111565 hours,34398,289,13040,3853,155,24.84,,,,,,,,,,,,,,,
1518,81,special events,4,2021,2758827,30260 hours,130845,483,4348,3837,42,91.17,,,,,,,,,,,,,,,
1519,82,super smash bros ultimate,4,2021,2755980,137380 hours,57438,460,14923,3833,191,20.06,,,,,,,,,,,,,,,
1520,83,geoguessr,4,2021,2575691,50303 hours,69073,167,11322,3582,69,51.2,,,,,,,,,,,,,,,
1522,85,eternal return black survival,4,2021,2528836,81912 hours,31888,262,6563,3517,113,30.87,,,,,,,,,,,,,,,
1523,86,starcraft,4,2021,2461132,16130 hours,67408,59,1166,3422,22,152.58,,,,,,,,,,,,,,,
1524,87,games demos,4,2021,2406775,278114 hours,34185,2613,46876,3347,386,8.65,,,,,,,,,,,,,,,
1525,88,osu,4,2021,2398217,241119 hours,22655,576,41605,3335,335,9.95,,,,,,,,,,,,,,,
1527,90,first class trouble,4,2021,2357336,17066 hours,91515,105,3197,3278,23,138.13,,,,,,,,,,,,,,,
1529,92,resident evil 7 biohazard,4,2021,2295571,119277 hours,39747,463,20391,3192,165,19.25,,,,,,,,,,,,,,,
1530,93,altf4,4,2021,2256336,16068 hours,77201,72,5819,3138,22,140.42,,,,,,,,,,,,,,,
1531,94,the legend of zelda breath of the wild,4,2021,2223515,79537 hours,40813,195,7756,3092,110,27.96,,,,,,,,,,,,,,,
1532,95,super mario maker 2,4,2021,2211171,36212 hours,24042,100,3117,3075,50,61.06,,,,,,,,,,,,,,,
1534,97,home sweet home survive,4,2021,2061460,44394 hours,35316,169,5170,2867,61,46.44,,,,,,,,,,,,,,,
1536,99,marbles on stream,4,2021,2054793,64225 hours,40466,189,13391,2857,89,31.99,,,,,,,,,,,,,,,
1537,100,tabletop rpgs,4,2021,1998175,25536 hours,85377,133,2534,2779,35,78.25,,,,,,,,,,,,,,,
1538,101,mario kart 8 deluxe,4,2021,1997059,27040 hours,141392,154,6688,2777,37,73.86,,,,,,,,,,,,,,,
1539,102,scavengers,4,2021,1986105,35707 hours,118346,935,8574,2762,49,55.62,,,,,,,,,,,,,,,
1540,103,poku00e9mon trading card game,4,2021,1944334,60483 hours,65024,231,7151,2704,84,32.15,,,,,,,,,,,,,,,
1542,105,heroes of the storm,4,2021,1922919,71715 hours,7523,184,5338,2674,99,26.81,,,,,,,,,,,,,,,
1543,106,pubg mobile,4,2021,1866087,114652 hours,36052,303,8432,2595,159,16.28,,,,,,,,,,,,,,,
1544,107,the sims 4,4,2021,1852675,107842 hours,16238,284,17260,2576,149,17.18,,,,,,,,,,,,,,,
1545,108,f1 2020,4,2021,1847152,141336 hours,35727,1178,19617,2569,196,13.07,,,,,,,,,,,,,,,
1546,109,crypto,4,2021,1837432,55738 hours,9814,123,1059,2555,77,32.97,,,,,,,,,,,,,,,
1547,110,chivalry 2,4,2021,1820426,12057 hours,62554,241,2622,2531,16,150.98,,,,,,,,,,,,,,,
1548,111,satisfactory,4,2021,1799886,88912 hours,68029,341,7601,2503,123,20.24,,,,,,,,,,,,,,,
1549,112,super mario 64,4,2021,1781951,42381 hours,59477,130,4754,2478,58,42.05,,,,,,,,,,,,,,,
1555,118,knockout city,4,2021,1631512,28985 hours,304163,804,8785,2269,40,56.29,,,,,,,,,,,,,,,
1558,121,mortal kombat 11,4,2021,1598509,74444 hours,122129,244,11741,2223,103,21.47,,,,,,,,,,,,,,,
1559,122,runescape,4,2021,1596587,49347 hours,10180,126,3073,2220,68,32.35,,,,,,,,,,,,,,,
1560,123,legends of runeterra,4,2021,1557225,34372 hours,26291,131,3400,2165,47,45.31,,,,,,,,,,,,,,,
1561,124,krunker,4,2021,1554454,42279 hours,10114,129,6368,2161,58,36.77,,,,,,,,,,,,,,,
1563,126,super smash bros melee,4,2021,1514575,27944 hours,53332,105,2927,2106,38,54.2,,,,,,,,,,,,,,,
1564,127,brawl stars,4,2021,1488732,121844 hours,47663,319,17013,2070,169,12.22,,,,,,,,,,,,,,,
1565,128,halo the master chief collection,4,2021,1485825,127741 hours,96356,472,15844,2066,177,11.63,,,,,,,,,,,,,,,
1566,129,warcraft 3,4,2021,1483437,33617 hours,34353,86,1941,2063,46,44.13,,,,,,,,,,,,,,,
1567,130,madden nfl 21,4,2021,1436393,179615 hours,30670,684,21282,1997,249,8.0,,,,,,,,,,,,,,,
1569,132,war by grow games,4,2021,1384452,1863 hours,60101,38,502,1925,2,743.13,,,,,,,,,,,,,,,
1570,133,anime land,4,2021,1373900,7320 hours,14758,26,629,1910,10,187.69,,,,,,,,,,,,,,,
1571,134,raid shadow legends,4,2021,1318665,23644 hours,20214,66,1758,1834,32,55.77,,,,,,,,,,,,,,,
1572,135,football manager 2021,4,2021,1298725,37517 hours,16353,143,2801,1806,52,34.62,,,,,,,,,,,,,,,
1575,138,trackmania,4,2021,1287807,19801 hours,22573,98,2628,1791,27,65.04,,,,,,,,,,,,,,,
1576,139,little nightmares 2,4,2021,1284290,43150 hours,103021,159,9605,1786,60,29.76,,,,,,,,,,,,,,,
1579,142,red dead redemption 2,4,2021,1270179,206854 hours,6814,510,19964,1766,287,6.14,,,,,,,,,,,,,,,
1580,143,lineage 2m,4,2021,1253833,5065 hours,20680,21,186,1743,7,247.55,,,,,,,,,,,,,,,
1581,144,forza horizon 4,4,2021,1243281,105621 hours,32793,313,17417,1729,146,11.77,,,,,,,,,,,,,,,
1583,146,devour,4,2021,1221180,38331 hours,108766,367,13959,1698,53,31.86,,,,,,,,,,,,,,,
1584,147,makers crafting,4,2021,1183823,83543 hours,10417,199,7344,1646,116,14.17,,,,,,,,,,,,,,,
1587,150,jackbox party packs,4,2021,1149485,55011 hours,159312,315,14224,1598,76,20.9,,,,,,,,,,,,,,,
1588,151,call of duty mobile,4,2021,1143233,200201 hours,21185,508,20149,1590,278,5.71,,,,,,,,,,,,,,,
1590,153,summoners war sky arena,4,2021,1124852,25508 hours,16128,110,1676,1564,35,44.1,,,,,,,,,,,,,,,
1591,154,new poku00e9mon snap,4,2021,1123274,22247 hours,112450,1931,6843,1562,30,50.49,,,,,,,,,,,,,,,
1592,155,bloodborne,4,2021,1114162,67853 hours,10763,187,7500,1549,94,16.42,,,,,,,,,,,,,,,
1593,156,fitness health,4,2021,1098589,21863 hours,105422,86,2464,1527,30,50.25,,,,,,,,,,,,,,,
1596,159,poku00e9mon go,4,2021,1077211,30812 hours,7654,197,2508,1498,42,34.96,,,,,,,,,,,,,,,
1599,162,detroit become human,4,2021,1063297,28204 hours,65115,105,5261,1478,39,37.7,,,,,,,,,,,,,,,
1600,163,umamusume pretty derby,4,2021,1053948,17997 hours,7823,83,1615,1465,25,58.56,,,,,,,,,,,,,,,
1601,164,resident evil,4,2021,1048811,28834 hours,15827,112,4250,1458,40,36.37,,,,,,,,,,,,,,,
1602,165,super mario world,4,2021,1044912,24558 hours,7734,74,2439,1453,34,42.55,,,,,,,,,,,,,,,
1604,167,evil genius 2 world domination,4,2021,1007472,24261 hours,20750,181,2551,1401,33,41.53,,,,,,,,,,,,,,,
1605,168,watch parties,4,2021,1006866,17967 hours,31307,69,5249,1400,24,56.04,,,,,,,,,,,,,,,
1609,172,gears 5,4,2021,970892,69845 hours,13246,243,7149,1350,97,13.9,,,,,,,,,,,,,,,
1611,174,virtual casino,4,2021,925929,9448 hours,122589,33,870,1287,13,98.0,,,,,,,,,,,,,,,
1613,176,cyberpunk 2077,4,2021,916993,87070 hours,31013,260,10261,1275,121,10.53,,,,,,,,,,,,,,,
1614,177,summoners war lost centuria,4,2021,907369,3298 hours,95637,97,583,1261,4,275.13,,,,,,,,,,,,,,,
1618,181,star citizen,4,2021,877736,40912 hours,5295,161,2598,1220,56,21.45,,,,,,,,,,,,,,,
1620,183,gwent the witcher card game,4,2021,866691,14150 hours,12886,43,988,1205,19,61.25,,,,,,,,,,,,,,,
1622,185,rogue company,4,2021,857681,158104 hours,3774,448,19530,1192,219,5.42,,,,,,,,,,,,,,,
1624,187,super mario party,4,2021,851354,4186 hours,92024,131,1534,1184,5,203.38,,,,,,,,,,,,,,,
1625,188,lineage 2,4,2021,850897,68633 hours,3855,259,1958,1183,95,12.4,,,,,,,,,,,,,,,
1626,189,naraka bladepoint,4,2021,848361,22137 hours,44436,477,4802,1179,30,38.32,,,,,,,,,,,,,,,
1628,191,friday night funkin,4,2021,834656,59951 hours,96028,234,19987,1160,83,13.92,,,,,,,,,,,,,,,
1629,192,tom clancys the division 2,4,2021,832190,58914 hours,38585,163,6415,1157,81,14.13,,,,,,,,,,,,,,,
1630,193,god of war,4,2021,817609,60880 hours,20767,161,6858,1137,84,13.43,,,,,,,,,,,,,,,
1631,194,clash of clans,4,2021,800398,24070 hours,51910,76,2862,1113,33,33.25,,,,,,,,,,,,,,,
1634,197,hades,4,2021,794472,52755 hours,36447,152,8663,1104,73,15.06,,,,,,,,,,,,,,,
1635,198,epic seven,4,2021,778750,18362 hours,11670,47,997,1083,25,42.41,,,,,,,,,,,,,,,
1636,199,poku00e9mon platinum,4,2021,777305,22380 hours,61580,76,2837,1081,31,34.73,,,,,,,,,,,,,,,
